latitude,longitude,account_name
40.552226,-74.160442,BAUDIN'S MASONRY INC.
40.603732,-73.938638,S & S CARTING INC
40.868317,-73.848995,KARM CONSTRUCTION INCORPORATED
40.636907,-74.010316,PURPLE CAR RENOVATION INC.
40.654995,-73.918596,C. FRANCIS CONSTRUCTION CORP.
40.802193,-73.93627,KAY WATERPROOFING CORP.
40.57396,-74.116978,ECONOMY CONTAINER CORP.
40.694311,-73.95422,APM SERVICES GROUP CORP
40.618006,-73.904168,A. VITALE & SON CONSTRUCTION CORP.
40.700057,-73.890454,RYAN'S WASTE SERVICE CORP.
40.722342,-73.877051,LEVEL GROUND OF NY INC
40.567766,-74.104452,C-T INTERIOR RENOVATIONS INC.
40.523388,-74.202421,JEFFERY BARATTA
40.665942,-73.993476,ACO-DEL GROUP COMPANY INC
40.728628,-73.803916,DING FENG LIN CONSTRUCTION LLC
40.59795,-74.073113,PERFECT RESTORATION INC
40.795791,-73.813137,VELEZ FREIGHT LLC
40.579517,-73.95693,VOLODYMYR VASYLENKO
40.627602,-73.942125,GOLD STAR RESTORATION USA LLC
40.75496,-73.862286,L & L 888 SERVICE INC
40.593808,-74.187104,ALFONSO'S HOME IMPROVEMENT AND CONTRACTORS INC.
40.608601,-74.140005,"PAUL GAGLIO, GENERAL CONTRACTORS, INC."
40.776993,-73.977827,"THAMES BUILDERS, INC."
40.801777,-73.915567,MARLANDE HEATING CORP.
40.640141,-73.955291,TORRE ALTA CONTRACTING INC.
40.603988,-74.017239,"G&J TRUCKING, INC."
40.702284,-73.982443,"T.S. CONTRACTING & EQUIPMENT, INC."
40.581157,-73.982324,RIPPLE CONSTRUCTION CORPORATION
40.714592,-73.908163,VANQUISH CONTRACTING CORP.
40.565307,-74.133209,"D. NATALE MASONRY CONTRACTING, INC."
40.639094,-73.88307,"MURFYA TRUCKING, INC."
40.609761,-74.013614,J & R EXPRESS MOVING CORP.
40.831531,-73.922196,7TH STAR RENOVATION INC.
40.572612,-74.113754,ACCORD ENTERPRISE CORP.
40.750748,-73.874739,L&M MANAGEMENT SERVICES INC
40.723666,-73.891357,MASPETH GENERAL CONTRACTING CORP.
40.791512,-73.806883,ARTHUR DIBIASE
40.758434,-73.811011,W & Z GARBAGE ROMOVAL INC.
40.617752,-74.15485,"GIMI CONSTRUCTION, LLC"
40.66181,-73.946605,DEMO SHARK INC
40.682558,-73.854799,ZAMAN CONSTRUCTION CORP.
40.589501,-74.099543,ERY CONSTRUCTION INC.
40.607635,-73.910115,S & SHILAT CLEANING INC.
40.627665,-74.14051,ROCCO'S LANDSCAPING AND CONCRETE SERVICE LLC
40.680137,-73.750518,"ECKO STAR REMOVAL, INC."
40.802034,-73.935884,ASA INTERIOR RENOVATIONS CORP.
40.785579,-73.835789,LCH SERVICE INC.
40.623455,-74.131124,J. MANGONE CONSTRUCTION CORP.
40.688073,-73.806959,LENNY'S REMOVAL INC.
40.789571,-73.827101,PHIL VALENZA CONTRACTING INC.
40.761241,-73.864973,CRESCENT STREET CONSTRUCTION CORPORATION
40.674037,-73.820782,"LEMAZIA CONSTRUCTION, INC."
40.718496,-73.991486,HERMAN TRUCKING LLC
40.637324,-73.745641,PHANTOM CARTING INC.
40.71469,-73.749123,BAY RESTORATION CORP.
40.63152,-74.166364,A.M. HAULERS LLC
40.743124,-73.918478,MULROY CORP.
40.742307,-73.933112,"ALL CITY REMODELING, INC."
40.623011,-74.004633,DADE WRECKING DEMOLITION LLC
40.777552,-73.838932,ALASIA WASTE REMOVAL INC.
40.659054,-73.767757,CARELLI CONSTRUCTION CORP
40.610455,-74.145412,MATERIALS NYC INC.
40.676204,-73.937382,"BROOK LANDSCAPE, INC."
40.621058,-74.0736,CHICO'S CLEANUP INC.
40.638965,-74.167385,D M P SERVICES CORP
40.813533,-73.88478,NEW V & B POWER CORP
40.769325,-73.897358,DIONISOS CONSTRUCTION CORP
40.762282,-73.841955,TULLY CONSTRUCTION CO. INC.
40.743475,-73.854215,FIRST CLASS MANAGEMENT CONTRACTING CORP.
40.576509,-74.132818,"MAC CONTRACTING OF SI, INC."
40.712065,-73.89591,SATEL DISPOSAL LLC
40.789049,-73.812871,GUS POOLS INC.
40.731139,-73.788123,NEW POWER WASTE SERVICE INC.
40.678756,-73.817474,"RB & SON GENERAL CONTRACTORS, INC."
40.61504,-74.179452,ALL SAINTS ENTERPRISES LLC
40.765837,-73.729754,SAFEWAY SERVICES CORP
40.608244,-73.999654,INTERBORO PROPERTY MANAGEMENT CORP.
40.736757,-73.924721,SBN ENTERPRISE INC.
40.779022,-73.897148,VERTEX RESTORATION CORP.
40.537272,-74.182733,JET HAULING LLC
40.718106,-73.909064,"LEONE ENTERPRISE, INC."
40.569574,-74.123982,E.B.C. MASONRY CONTRACTOR & SPRINKLER CORP.
40.726343,-73.942736,ARTECH RENOVATION & CONSTRUCTION CORP.
40.76758,-73.911982,MOTSIOS CONSTRUCTION CORP.
40.693731,-73.807459,SUS  ENTERPRISES  INC.
40.696147,-73.859183,TONY LIN CONSTRUCTIONS INC.
40.690378,-73.863487,PASCO CONTRACTORS CORP.
40.660562,-73.997935,"H.L. GENERAL CONTRACTORS, INC."
40.879117,-73.852703,THE PUMA HOME REPAIR AND PAINTING CORP.
40.533888,-74.236294,"A.V. MASONRY, INC."
40.86606,-73.85476,"ATLAS CONSTRUCTION USA, CORP."
40.700074,-73.83574,"KM CONTRACTORS, INC"
40.610376,-74.138287,L&C CONSTRUCTION WASTE MANAGEMENT INC
40.5752,-73.975788,"V LIBO RUBBISH, INC."
40.620974,-73.933216,RELIABLE GENERAL CONTRACTORS INC.
40.539062,-74.241626,PAUL TOTH EXCAVATION INC.
40.737252,-73.934568,CYPRESS RESTORATION CORP.
40.731105,-73.92354,MASPETH REMODELING CO. INC.
40.686668,-73.843201,"TRINCHESE CONSTRUCTION, INC."
40.602542,-73.935953,ARCA CONSTRUCTION CORP.
40.708683,-73.871366,CASTLE SANITATION CORPORATION
40.743031,-73.705476,"J M R CONSTRUCTION COMPANY, INC."
40.769289,-73.913731,KROYWEN REALTY & CONSTRUCTION CORP.
40.686926,-73.924777,AHTRAM SERVICES CORPORATION
40.748164,-73.973441,SETANTA INC
40.689977,-73.810938,YASH & B CONSTRUCTION CORP.
40.60575,-74.092652,VAN ALPHEN BROTHERS INCORPORATED
40.681138,-73.86772,TWO BROTHERS IRON WORK CORP
40.606578,-74.16658,CAG CONSTRUCTION CORP.
40.659333,-74.000634,COLGATE RESTORATION CORP.
40.625748,-74.174131,ABCO MAINTENANCE INC.
40.720733,-73.997388,"FORKOSH CONSTRUCTION CO., INC."
40.702036,-73.955809,YC11211 INC
40.740458,-73.828153,C&D CARTING LLC
40.755628,-73.805583,"WENZHOU DILIGENT GUY, INC."
40.750548,-73.907132,MAGNUS GS INC
40.811213,-73.883718,S & Z CONSTRUCTION CORP.
40.683032,-73.856038,GSK RESTORATION CORP
40.639238,-73.990012,BSD NY ENTERPRISES INC
40.733012,-73.802882,OLYMPIC WASTE REMOVAL CORP.
40.672732,-73.813403,MSS GOLDEN EAGLE CONSTRUCTION USA CO. INC.
40.739851,-73.928831,TPG CONTRACTING CORP.
40.781084,-73.811485,JOE D'AMICO CONSTRUCTION CORP.
40.640506,-73.986405,BONAFIDE BUILDERS INC.
40.574976,-74.084395,UNITED LAND CONSTRUCTION INC.
40.685101,-73.8431,J & N CONSTRUCTION GROUP CORP.
40.677531,-73.822759,ROYCE THE CHOICE CONSTRUCTION & DEBRIS REMOVAL LLC
40.549315,-74.167282,"ALLIANCE TRI-STATE CONSTRUCTION, INC."
40.545079,-74.208225,A PLUS CONCRETE AND PAVERS GROUP LLC
40.608513,-73.99253,"GARCIA HOME IMPROVEMENT, CORP."
40.595028,-73.99381,JC CONTAINER INC
40.790162,-73.811849,DIMAR SERVICES CORP.
40.729697,-73.902341,IRISH MIST CORP.
40.807571,-73.884656,INNERCITY RECYCLING INC.
40.763658,-73.938379,LEMODE PLUMBING & HEATING CORP.
40.628681,-73.987975,MIST ENTERPRISE INC.
40.656276,-73.894306,D.B.  DEMOLITION INC.
40.61914,-73.923704,CERTIFIED MANAGEMENT & MAINTENANCE CORP.
40.626666,-74.161842,"MEZZACAPPA CONCRETE CONTRACTING, INC."
40.657581,-73.923959,"MAX SERVICE NYC, INC."
40.546247,-74.182941,EV MASONRY LLC
40.649834,-74.018181,LADY LIBERTY CONTRACTING CORP.
40.703637,-73.877702,OLIWA CONSTRUCTION INC.
40.610464,-73.749684,KEL-TECH CONSTRUCTION INC.
40.718871,-73.763285,V.J. & SONS INC.
40.595145,-74.165428,"SAM'S MASONRY, INC."
40.6677,-73.983242,DINEEN CONSTRUCTION CORP.
40.741137,-73.953477,"SATO CONSTRUCTION CO., INC."
40.698496,-73.957906,S. E. I. GROUP CORP
40.82927,-73.844094,"CASTLE HILL LANDSCAPING SUPPLIES, INC."
40.637807,-74.145648,"THOMAS F. CORBETT ASSOCIATES, LLC"
40.626814,-73.946582,BTA BUILDING & DEVELOPING INC.
40.819245,-73.88507,AJP CONTRACTING CORP.
40.68749,-73.846141,"BLUEPRINT NY CONSTRUCTION GROUP, INC."
40.682721,-73.841242,"N. Y. AMERICAN EMERGENCY SERVICE, LLC"
40.747044,-73.987123,TMG CONSTRUCTION CORP
40.575825,-74.130354,"COLGATE MAINTENANCE, CORP."
40.599922,-74.194291,RR PLUMBING SERVICES CORP.
40.574942,-74.139233,ANTHONY VENDITTI
40.630849,-73.969802,FOSTER CONTRACTING INC.
40.638888,-73.894979,DRAGONETTI BROTHERS LANDSCAPE NURSERY & FLORIST INC.
40.807622,-73.911308,"EAST COAST PETROLEUM, INC."
40.75526,-73.772471,DING BROTHER SERVICE INC
40.588285,-73.958347,AMS NY CONTRACTOR INC.
40.711016,-73.879052,ACON CONSTRUCTION/REN CORP.
40.778201,-73.896843,MESSINA ASPHALT CORP.
40.761614,-74.00022,"DUBLIN DEMOLITION AND CARTING, INC."
40.592447,-73.989295,B & L CONSTRUCTION AND REMOVAL CORP.
40.734788,-73.897855,L2 WASTE INC.
40.771246,-73.903803,ROSENWACH TANK CO. LLC
40.601265,-74.194014,RICHMOND RECYCLING LLC
40.720068,-73.901673,"G. FAZIO CONSTRUCTION CO., INC."
40.655004,-73.831004,SP HAULER INCORPORATED
40.770395,-73.752841,"CLEAN-UP SERVICE, INC."
40.847753,-73.842355,"BOND CIVIL & UTILITY CONSTRUCTION, INC."
40.829127,-73.878331,CARLOS ARMANDO QUIZHIP CHIMA
40.61262,-74.103323,CHRISTIAN CONSTRUCTION LLC
40.654298,-73.899016,"RE-EARTH OF STROUDSBURG, INC."
40.621362,-73.902899,TOMMY CONSTRUCTION SPECIALISTS CORP.
40.700401,-73.788668,EMDAD CONSTRUCTION INC.
40.807571,-73.884656,"NOVA SERVICES, LLC"
40.608506,-73.817926,"J. HOYLER CONSTRUCTION, INC."
40.80693,-73.888349,"BLACKRIDGE CONSTRUCTION, LLC."
40.762639,-73.915201,HOME TECH GROUP DC INC
40.844208,-73.866529,LEGACY CARTING CORP.
40.668479,-73.810877,MULTANI CONSTRUCTION USA CORP
40.837532,-73.842448,AVD CONSTRUCTION INC.
40.782976,-73.838641,BRD DEVELOPMENT CORP.
40.701869,-73.737908,"ARSENAL INDUSTRIES, LLC"
40.733189,-73.938559,NEW YORK PAVING INC.
40.731584,-73.921396,KHC EQUIPMENT INC.
40.869211,-73.858564,UNIQUE1 CONSTRUCTION INC
40.720561,-73.910522,EDCC SERVICES CORP.
40.716074,-73.911094,"EXPEDITE TRUCKING & CONTAINER SERVICES, LLC."
40.779328,-73.90572,CONSOLIDATED EDISON COMPANY OF NEW YORK INC.
40.83878,-73.874736,"E-J ENERGY, LLC"
40.89672,-73.864524,HARLEM VALLEY CORPORATION
40.771853,-73.847965,"NEPTUNE MECHANICAL, INC."
40.761063,-73.874972,DK BUILDERS INC
40.633967,-74.1244,"ULTRA GENERAL CONTRACTING, INC."
40.697073,-73.943738,HWL UNITED JUNK REMOVAL INC
40.759852,-73.888035,PETER 07 CORP
40.687916,-73.809794,SANYO S CONSTRUCTION CORP.
40.747631,-73.774702,S & D LIN 138 INC.
40.507341,-74.250164,JVA MASONRY INC.
40.528825,-74.198174,SAVO BROTHER'S INC.
40.719051,-73.949676,BREND RESTORATION LLC
40.673699,-73.81888,BUILD IT BROTHERS INC
40.766228,-73.874273,AGT RENOVATION SERVICES CORP.
40.824636,-73.88015,MP WORK FORCE SERVICE CORP.
40.811069,-73.803698,MARIO MAZZELLA CONTRACTING CORP
40.590976,-74.083821,HUA HUNG MOVING INC
40.601964,-73.948795,S & S CONTAINERS INC.
40.672283,-73.800639,EAGLE VISION CONSTRUCTION INC
40.646307,-73.977968,YU HUA CONSTRUCTION CORP.
40.886944,-73.828244,WESTMORELAND CONSTRUCTION INC.
40.774382,-73.789675,DERMODY CONTRACTING INC.
40.593473,-74.091901,"BENNY'S MASONRY, INC."
40.774179,-73.81518,MULTI-BORO CONTRACTING CORP.
40.752251,-73.905379,CVM CONSTRUCTION CORP.
40.682951,-73.818541,N&J HOME IMPROVEMENT CORP.
40.698693,-73.933163,APPLE RESTORATION & WATERPROOFING INC.
40.588241,-74.153817,HONG HUI DEBRIS REMOVAL INC
40.62404,-74.003552,"T.Z. BROTHERS GENERAL CONTRACTORS, INC."
40.643679,-73.99133,"BALICO GENERAL CONTRACTING, INC."
40.604516,-74.009115,OMEGA STUCCO CORP
40.669227,-73.798571,GOODWILL MASON INC
40.585198,-74.157734,K&A CONSTRUCTION SERVICE INC.
40.719109,-73.913157,WORLD CLASS CONTRACTING GROUP INC.
40.674286,-74.001269,"ON SITE DEMOLITION & TRUCKING, CORP."
40.756506,-73.826007,YUAN YANG CONSTRUCTION INC
40.713843,-74.01379,"EMPIRE CITY SUBWAY COMPANY, LIMITED"
40.723311,-73.900315,IPS PLUMBING CORP.
40.665723,-73.769843,"MHR LALIA CONSTRUCTION, CORP."
40.617383,-74.073362,HAULERS INC. NY
40.727112,-73.942865,NADA NYC CORP
40.587754,-73.956338,SERGEY KOCHNEV
40.720806,-73.92217,AGAR CONTRACTING INC.
40.808961,-73.950428,MAMAIS CONTRACTING CORP.
40.762999,-73.983922,ALBA CARTING & DEMOLITION INC.
40.680211,-73.821205,"PARAMOUNT PIPING, INC."
40.52613,-74.167034,A & M DEMOLITION CORP.
40.689845,-73.979068,SQUARE INDIGO INC.
40.562306,-74.111037,LIBERTY WS INC
40.728469,-73.94496,"EUROSTRUCT, INC."
40.701855,-73.82206,"JOSEPH L. BALKAN, INC."
40.795843,-73.813072,DCI ENTERPRISES LLC
40.751378,-73.786607,A1 JUNK EXPRESS LLC
40.740149,-73.954896,C.A.C. INDUSTRIES INC.
40.759014,-73.820081,FEIDA EXPRESS INC.
40.722416,-73.937858,"COMPASS CONSTRUCTION OF NEW YORK CO., INC."
40.617184,-74.005374,CHASE LANDSCAPE CONSTRUCTION INC.
40.736834,-73.937448,C.C.C. RENOVATION INC.
40.735503,-73.917379,SOUTH FERRY DEVELOPMENT CORP.
40.597051,-74.097408,BOVILLE ENTERPRISES LLC
40.74887,-73.872267,N Y C BEST REMODELING INC.
40.691007,-73.827231,UNITED CONTAINERS OF QUEENS INC.
40.781675,-73.827292,"CANBERT, INC."
40.740597,-73.827514,COLARUSSO CONSTRUCTION CORP
40.696033,-73.899664,CONWOOD CORP.
40.527621,-74.239337,THE POOL DOCTOR CONTRACTORS INC.
40.806069,-73.911656,ROCKWAY FUEL OIL CORPORATION
40.586436,-73.91976,NBJ CONTRACTING INC
40.597883,-74.082015,V&V DEVELOPMENT CORP.
40.584504,-74.100979,HUSIC INC.
40.649409,-73.911201,"SAL DONA, INC."
40.779475,-73.901163,ABC CONSTRUCTION CONTRACTING INC
40.682634,-73.828057,KBA HOME IMPROVEMENT INC
40.676328,-73.741073,LEE PLUS ONE INC.
40.647431,-73.971164,"SASCO BUILDERS, INC."
40.594074,-73.927287,"BIG APPLE CHIMNEY, LLC"
40.813488,-73.895144,"CIVETTA COUSINS JV, LLC."
40.633952,-74.148136,"DE-BAR CONTRACTING CO., INC."
40.635674,-74.149574,COLINS GENERAL CONSTRUCTION LLC
40.743526,-73.893926,TERRA CONSTRUCT CORP.
40.823168,-73.880257,DMP LEASING CORP.
40.677147,-73.792999,GR BROTHERS TRUCKING INC.
40.599546,-73.99444,SALIK CONSTRUCTION CO. INC
40.779429,-73.848807,"THE FRANKLIN COMPANY CONTRACTORS, INC."
40.628681,-73.987975,"GOLD INDUSTRIEZ, LLC"
40.596179,-73.980555,WE CLEAN NEW YORK RUBBISH REMOVAL INC
40.578509,-73.963767,"MITTAL CONSTRUCTION, INC."
40.727541,-73.944293,"TRIBUTE RESTORATION, INC"
40.731512,-73.924571,EL SOL CONTRACTING AND CONSTRUCTION CORPORATION
40.737583,-73.734747,"MARK CONTRACTING NY, INC"
40.740149,-73.954896,CASTCAPA CONSTRUCTION LLC
40.606232,-73.974553,AMJAD ALI
40.858412,-73.840971,"EXPRESS CONSTRUCTION, INC."
40.602524,-73.996827,US LEVIN GRP CORP
40.6798,-73.814962,S & S GENERAL CONSTRUCTION INC.
40.750823,-73.947786,TRIESTE CONSTRUCTION CORP.
40.787497,-73.837374,FRANK MARANDO LANDSCAPE INC.
40.570275,-74.120524,"J. CIOFFI TRUCKING, INC."
40.624432,-73.911576,ACD QUALITY CORP
40.730298,-73.88711,PAWAR BUILDERS LLC
40.754383,-73.922748,AQUILINO TENECELA
40.717068,-73.878381,"ROBART CONSTRUCTION, INC."
40.578248,-74.133703,"FAYZO MASONARY, INC."
40.616313,-74.149152,PANACEA CONTRACTING CORP.
40.727187,-73.90032,D.P. PAVING & CONCRETE INC
40.770508,-73.931806,JETCO CONSTRUCTION CORP.
40.6138,-73.903277,JPL SITE CONTRACTORS LLC
40.629921,-74.127311,"E R DESIGN & CONSTRUCTION, INC."
40.613019,-74.072471,CHALACO'S CORPORATION
40.764076,-73.771239,"TBO SITESCAPES, INC."
40.66892,-74.002394,METHOD MAINTENANCE LLC
40.733012,-73.802882,COSMOS WASTE MANAGEMENT INC.
40.621723,-74.03023,LIBERTY STONE CORP.
40.669277,-73.815463,"HONEY CONSTRUCTION NY, INC."
40.550168,-74.230954,MORREALE ASPHALT PAVING CORP.
40.507784,-74.244595,"THE NEW MILLENIUM CONCRETE & PAVERS, INC."
40.637533,-73.971608,"WEE DOO SERVICES, INC."
40.826048,-73.883435,JOHN CIVETTA CONSTRUCTION CORP.
40.671884,-73.887101,BERTIE GRIFFITH
40.632769,-74.148508,LOFFRENO LANDSCAPE CONTRACTING CORP.
40.734977,-73.794598,"ALVIN PETROLEUM SYSTEMS, INC."
40.615369,-73.905026,FALCO CONSTRUCTION CORP.
40.703187,-73.793117,THOMAS NOVELLI CONTRACTING CORP.
40.529595,-74.232329,TM CONSTRUCTION GROUP LLC
40.632202,-73.970403,ADVANCE BUILDERS INC.
40.551052,-74.23235,CAPRI LANDSCAPING INC.
40.665182,-73.772566,NY SKY HIGH CONSTRUCTION CORP.
40.785495,-73.838491,"SHARAN BUILDERS, INC."
40.590311,-73.941949,DA XING RENOVATION INC
40.69852,-73.805573,PRO CONCRETE CONTRACTORS CORP.
40.649409,-73.911201,VICTORY CONTRACTING CO. INC.
40.732704,-73.950542,"PEDROL CONTRACTING, INC."
40.699793,-73.902038,WS SOUTH CONSTRUCTION INC
40.748203,-73.871925,GENIUS CONSTRUCTION CORP.
40.651727,-73.827884,FRIENDY 8 INC.
40.718081,-73.914897,"CITY CONSTRUCTION, INC."
40.674163,-73.729253,"DAVID'S CONSTRUCTION & HOME IMPROVEMENT, CORP."
40.727441,-73.849019,RDDNY DESIGN BUILD CORP.
40.730588,-73.734284,D.J. DEMA PAINTING CORP.
40.696058,-73.902289,M J R TRUCKING CORP.
40.742842,-73.711067,RELY ON TRUCKING INC
40.619054,-73.982361,JAMJ CONSTRUCTION CORP.
40.728628,-73.803916,SHUN FENG GAO INC
40.726875,-73.898311,ROBA RENOVATION CORP
40.749563,-73.983726,ALPINE CONSTRUCTION & LANDSCAPING CORP.
40.704893,-73.861874,"MARK ALKE GENERAL CONTRACTING, INC."
40.727755,-73.882529,LUCKY STAR 888 INC.
40.776534,-73.840545,Z S Z CARTING INC
40.724343,-73.769817,ORIEL PLUMBING & SEWER CORP.
40.703004,-73.984098,ZEV ELECTRIC CORP.
40.632699,-73.901348,SALAB CONSTRUCTION CORP.
40.87046,-73.886782,G.D.L.L. CONSTRUCTION CORP.
40.635161,-74.156094,AZTECA CONSTRUCTION CORP.
40.731194,-73.957799,VICTORIA CONSULTING & DEVELOPMENT LLC
40.67523,-74.014053,JBJ CONCRETE RENOVATIONS INC.
40.7304,-73.923804,SAFEWAY CONSTRUCTION ENTERPRISES LLC
40.527723,-74.211337,SAGONA LANDSCAPING LTD.
40.542139,-74.145569,TONY'S MASONRY GROUP LLC
40.673785,-73.900699,M&B CONSTRUCTION INC.
40.830181,-73.875717,"CMESS, CORP."
40.669275,-73.815467,ALL ZONE CONSTRUCTION INC.
40.702036,-73.955809,STAR RUBBISH REMOVAL LLC
40.728835,-73.94741,"NY METAL DEPOT, INC."
40.536731,-74.239348,TLEEF INDUSTRIES CORP.
40.765375,-73.771646,METRO GC NY INC.
40.715813,-73.910449,"NORTHEAST SERVICE INTERIORS, LLC"
40.765724,-73.892382,"JUDLAU CONTRACTING, INC."
40.667832,-73.819746,360 REMOVAL SERVICES INC.
40.859476,-73.83436,DATA WATERPROOFING INC.
40.718081,-73.914897,STATEWIDE DEMOLITION CORP.
40.873364,-73.856552,TOOR CONSTRUCTION & PAINTING CORP
40.623738,-73.974431,NY PRIME GROUP LLC
40.645042,-74.019289,DJL BROOKLYN INC
40.668406,-73.923226,TOP NOTCH CLEANUP CORP.
40.770506,-73.931788,ITM CONSTRUCTION CORP.
40.776248,-73.795218,GOLDEN TIGER CONSTRUCTION INC
40.578735,-73.966193,ALAN LANDSMAN
40.685136,-73.804996,D FREEMAN TRUCKING INC.
40.546437,-74.231427,PRESTIGE PLUMBING & HEATING INC.
40.881716,-73.863828,"MAGENTA CONSTRUCTION SERVICES, INC."
40.756951,-73.872056,MAKABAD CORP.
40.638403,-73.923996,"BROOKLYN TRUCKING INDUSTRIES, INC."
40.693209,-73.794251,ADONAI CONSTRUCTION CORP.
40.59053,-74.092743,"CPS CONTRACTING CO., INC."
40.631868,-74.005109,"AIELLO LEASING CO., INC."
40.709349,-73.922396,MAVEN CONSTRUCTION CORP.
40.564631,-74.126524,FRIENDLY FLOOR COVERING INC.
40.695445,-73.797086,BARCELONA CONTRACTING CORP.
40.70918,-73.923515,ADAM'S EUROPEAN CONTRACTING INC.
40.586026,-74.197134,NEW TWINS LANDSCAPING & CONSTRUCTION CORP
40.71461,-73.903109,JEPOL CONSTRUCTION INC.
40.87565,-73.845627,SURE SHOT CONSTRUCTION LLC
40.596731,-74.092348,"R.C. MESITI ENTERPRISES, INC."
40.713689,-73.986484,WEI CONSTRUCTION INC.
40.790149,-73.821354,NU IMAGE CONTRACTING LLC
40.850682,-73.937528,MW CONSTRUCTION INC.
40.64362,-74.016929,MASTER REPAIR CONTRACTING CORP
40.522135,-74.213754,"ADVANCED SITE CONTRACTORS, INC."
40.843548,-73.856945,"A & G PLASTERING AND TILE, CORP."
40.603158,-73.965075,BRICK ZONE CONSTRUCTION CORP.
40.707353,-73.800573,JM & SON ROLL OFF CORP
40.755086,-73.93743,K & D EQUIPMENT LEASING CORP.
40.613711,-74.180154,A. BIANCO LANDSCAPING INC.
40.619305,-73.933232,ABSOLUTE WASTE SERVICES LLC
40.617174,-74.143218,HYW BROTHERS INC.
40.7018,-73.820433,PRESTO GENERAL CONTRACTOR CORP
40.615582,-74.119662,"SARCONE MASONRY, INC."
40.606982,-73.819428,D HANDY INC.
40.757437,-73.940384,MANHATTAN INTERIOR CONTRACTING CO. INC.
40.60703,-74.088339,C&A SENECA CONSTRUCTION LLC
40.700251,-73.915032,ESCUDERO ENTERPRISE CORP
40.600064,-74.123307,"DANNY FORTE, INC."
40.513531,-74.247662,SAL CULOTTA INC.
40.589758,-74.100043,DAMATO BRO. TRUCKING INC
40.671649,-73.779649,PERALTAS SERVICE GROUP CORP.
40.784122,-73.848287,CASA RECYCLING INC.
40.729186,-73.889013,A.L.D. MANAGEMENT SERVICES INC.
40.703004,-73.984098,GUMA CONSTRUCTION CORP.
40.715318,-73.943467,"DOMINICK SIANO GENERAL CONTRACTING, INC."
40.744535,-73.889078,ALFA 3 RENOVATION AND MOVING CORP.
40.745956,-73.953012,E-J ELECTRIC INSTALLATION COMPANY
40.736264,-73.951142,TRI STATE DISMANTLING CORP.
40.776534,-73.840545,WEN JIE LI
40.834752,-73.884082,STAR-CEL WATERPROOFING & RESTORATION CORP.
40.649387,-74.015882,GOODALL ELECTRIC CORP.
40.635096,-74.075986,"K.E.S. CONSTRUCTION CO., INC."
40.599579,-74.129972,UNIVERSAL MASONRY CORP.
40.719216,-73.94452,TRINIDAD CONSTRUCTION CORP.
40.70799,-73.776903,SUPREME NY TRUCKING CORP.
40.728595,-73.720394,"EURO CONCRETE & CONSTRUCTION, INC."
40.766059,-73.787448,RENO GENERAL CONSTRUCTION CORPORATION
40.754874,-73.930894,VORDONIA CONTRACTING & SUPPLIES CORP.
40.669058,-73.79757,RESHNAD TRUCKING SVCS INC.
40.758068,-73.800537,US ONE CONSTRUCTION INC
40.771978,-73.894029,RUMIA CONTRACTING CORP
40.734248,-73.719959,"US ABC CONSTRUCTION, CORP."
40.74149,-73.914138,METROPOLITAN CONSTRUCTION & MAINTENANCE CORP.
40.631717,-74.004857,"V.N.A. UTILITY CONTRACTING CO., INC."
40.58885,-73.814166,QUICK CONTAINERS INC.
40.707469,-73.875679,KNS BUILDING RESTORATION INC.
40.664708,-73.813998,SONU CONSTRUCTION CORP.
40.675129,-73.991651,"PLUMBING NYC, INC."
40.843578,-73.832364,"JS CONCRETE & MASONRY, LLC"
40.814752,-73.916793,JRR CONTRACTING INC.
40.739236,-73.789955,BROTHER TRUCKING NY INC
40.675268,-73.895672,KERRY CRAWFORD
40.610208,-73.952423,JUNKHUB INC
40.705664,-73.9125,XAVIER ECUMEX ENTERPRISE CORP
40.682864,-73.963974,A MALEK CONTRACTING LLC
40.835987,-73.844316,TRANSCITY W&S LLC
40.794861,-73.813725,MATEMPA CORP.
40.643951,-74.097563,"NICOLAS CONSTRUCTION, CORP."
40.632259,-74.125244,ALLBORO WATER & SEWER CORP.
40.762902,-73.832347,SUNLIGHT GENERAL CONTRACTOR INC.
40.708875,-73.870901,ANTHONY TRANCHINA GENERAL CONTRACTING CORP.
40.752281,-73.898918,BARROCA TOOL & EQUIPMENT RENTAL CORP.
40.610045,-73.99812,KING RUBBISH LTD.
40.724544,-73.92963,"VALI INDUSTRIES, INC."
40.592072,-74.0973,MOSCATO HOME IMPROVEMENTS LLC
40.590654,-73.984831,HIGH POINT CONSTRUCTION GROUP CORP.
40.832828,-73.887301,JGS RENOVATIONS INC.
40.635445,-73.992834,BOLD SERVICES INCORPORATED
40.727493,-73.739813,G.S AND SON'S TRUCKING INC.
40.550281,-74.180329,"SUPERIOR QUALITY DESIGN PAVERS, INC"
40.77666,-73.816819,CANGIALOSI CONSTRUCTION LLC
40.810032,-73.892075,MELLIFONT CONSTRUCTION CORP.
40.611661,-74.103858,"NEW REGAL CONSTRUCTION, INC"
40.777103,-73.813655,VINNY & SON CONTRACTING CORP.
40.589818,-74.155045,LI HIN CORP
40.756241,-73.828632,ZHE JIANG FANG DA INC.
40.807499,-73.883681,"JOHN DANNA & SONS, INC."
40.867687,-73.856503,KEYSTONE CONTRACTING CORP.
40.6306,-73.919462,GGN CO. INC.
40.753691,-73.739429,JES REMOVAL INC
40.75342,-73.937829,CENTRAL CONSTRUCTION MANAGEMENT LLC
40.638666,-74.129774,J. MOLFINO MASONRY INC
40.861235,-73.846387,BD CONSTRUCTION & BUILDERS INC.
40.749455,-73.737858,ALL SERVICES CONSTRUCTION NY INC
40.589238,-73.984266,GLASS ARMOR OF NEW YORK INC.
40.548361,-74.231556,ROCK SOLID LANDSCAPE AND MASONRY DESIGN INC.
40.631316,-74.146866,"ABI'S MASONRY, INC."
40.807629,-73.871471,GIRANDOLA & SHUTKIND CONSTRUCTION CORP.
40.669624,-73.826363,DANA CONTRACTING INC.
40.776452,-73.770994,KAYAFAS CONTRACTING CO. INC.
40.715714,-73.741334,CODY CONSTRUCTION CORP.
40.67883,-73.781349,CANDLE CONSTRUCTION CORP.
40.718221,-73.911928,PLANET WASTE SERVICES LLC
40.628803,-74.166473,"CHEZ BRO'S, CORP."
40.519177,-74.210749,ACCURATE CARTING CORP.
40.658516,-73.935968,"CONSTRUCTION SITE SOLUTIONS, INC."
40.554045,-74.135285,TFT CONTRACTING LLC
40.613701,-74.071125,WENKANG XU
40.627188,-73.927773,NICOROB CORPORATION
40.745638,-73.870512,THE ROCK CONTRACTOR INC.
40.726692,-73.938954,JERRICK ASSOCIATES INC.
40.599774,-73.996053,YALI YASI INC
40.74714,-73.83107,"ANFLO CONSTRUCTION, LLC"
40.827745,-73.876126,YUPA CONSTRUCTION CORP.
40.752056,-73.986151,C & M GENERAL CONTRACTING INC.
40.719695,-73.946793,3 L. BROS. CORP.
40.562283,-74.178965,"JULIA ROSE TRANSPORT, INC."
40.725388,-73.986911,DG CONTRACTORS INC.
40.757387,-73.860238,R&G 2020 SERVICES CORP
40.749599,-73.908537,W.B. MAINTENANCE & REPAIR CORP.
40.754796,-73.812126,HUANG JUNK DISPOSAL INC
40.74018,-73.864305,ROCCO AGOSTINO LANDSCAPE AND GENERAL CONTRACTOR CORP.
40.59627,-73.942127,HUI LUNG INC
40.809229,-73.892749,MAYRICH EQUIPMENT CORP.
40.740302,-73.952485,ALL FORCE CONTRACTING CORP
40.807692,-73.95489,DEBORAH BRADLEY CONSTRUCTION & MANAGEMENT SERVICES INC.
40.627879,-74.154186,CML TAPING & PAINTING CORP.
40.647422,-73.968238,ANGEL & SONS CLEANING SERVICE INC
40.758025,-73.942034,VEMA GROUP LLC
40.592989,-73.979062,ZHAO HUAN XU
40.637245,-73.90186,ALLIANCE TRUCKING LLC
40.738369,-73.89694,QUICKTRASHERS INC.
40.677334,-73.804416,GAGAN G.C. INC.
40.576706,-73.993445,H & Y 1 INC
40.720339,-73.939999,M & A PROJECTS INC.
40.723357,-73.751186,SHAMDEO DAYAL
40.896822,-73.867993,"PRECISE CONSTRUCTION CONTRACTING, INC."
40.876365,-73.836729,CITY & COUNTY PAVING CORP.
40.636189,-74.02516,EDDIE FLORES MASONRY LLC
40.789807,-73.825635,"SAL D'AMICO CONSTRUCTION, INC."
40.619397,-74.156371,A.C. PRESTIGE CONSTRUCTION INC.
40.70362,-73.92927,TELL CAR TRUCKING CORP.
40.717002,-73.883226,"E-Z TOUCH HOME IMPROVEMENTS & REMODELING, INC."
40.75927,-73.812319,Z ASSOCIATES RECYCLING INC.
40.532368,-74.161588,"DITTA MALITO CONTRACTING, INC."
40.666666,-73.884132,PRO CA-SA CONSTRUCTION CORP.
40.716819,-74.002013,FIRST STANDARD CONSTRUCTION INC.
40.716726,-73.913149,ABANNO WATERPROOFING INC
40.64155,-73.938697,DAWN GENERAL CONTRACTOR INC.
40.7116,-73.904311,ROYAL RENOVATION CORP.
40.64647,-73.983456,"DAVID SHANNON FLORIST, INC."
40.604041,-74.011005,"PUZA CONSTRUCTION, INC."
40.796369,-73.823053,"APOLLO CONSTRUCTION & DEVELOPMENT, INC."
40.746869,-73.993616,"FULL SCALE CONTRACTING, INC."
40.694666,-73.818325,VCASA CONSTRUCTION INC
40.818133,-73.928505,LEARDON BOILER WORKS INC.
40.72449,-73.908738,INTER RENOVATION INC
40.653888,-73.906708,VARDARO CONSTRUCTION CORP.
40.589853,-73.983967,SKY HEIGHTS CONSTRUCTION CORP.
40.673372,-73.859952,WORLD CONTRACTING INC
40.638165,-74.14255,ZAIM CONTRACTOR CORP.
40.625512,-74.000757,ALLSTATE 12 CORP.
40.774784,-73.896996,"MARIC MECHANICAL, INC."
40.762183,-73.79337,TOR CONCRETE LLC
40.802314,-73.914742,STANDARD WATERPROOFING CORP.
40.713127,-73.775025,A.W.C. SOLID CONSTRUCTION INC.
40.676204,-73.985998,"KNOCKOUT CONSTRUCTION, INC."
40.736382,-73.939469,TORNADO CARTING CORP
40.762583,-73.763093,XING LONG 9 INC.
40.676959,-74.016624,STROYBAT INC.
40.789087,-73.812708,ALL STATE 12 GENERAL CONTRACTING CORP.
40.754262,-73.82689,N. AN SHUN CONSTRUCTION INC
40.708016,-73.908064,EVERLAST SOLUTIONS CORP.
40.643862,-73.980689,DWIP CORP.
40.764044,-73.885955,"ABC RESTORATION, INC."
40.701505,-73.907821,LOJA JR CONSTRUCTION CORP
40.638943,-73.742933,ALMAR SUPPLIES INC.
40.88377,-73.829395,VINCENT RUSCIANO CONSTRUCTION CO. INC.
40.595643,-74.087266,"SCAMPA CONTRACTING, CORP."
40.741193,-73.867572,NEW YORK LUCKY CONSTRUCTION CORPORATION
40.688517,-73.873763,LO SARDO GENERAL CONTRACTORS INC.
40.710165,-73.852975,"ZHE JIANG SHUN FA, LLC"
40.769045,-73.915233,TWO-TONE GROUP CORP.
40.847264,-73.868315,FGI CORPORATION
40.716261,-73.941099,SKILL- MAN CONTRACTING INC.
40.755247,-73.900527,NYC MAINMAN CORP.
40.757168,-73.79296,SARV ENTERPRISE CORP.
40.763736,-73.797874,JW CLEANING INC.
40.703212,-73.98109,REDEMPTION MASONRY CONTRACTING CORP.
40.600857,-74.081338,PARTNER4U CORPORATION
40.850846,-73.851804,"A & A RESTORATION, INC."
40.674328,-73.843212,TONAR CONSTRUCTION CORP.
40.578156,-74.0045,P & F REMOVAL SERVICE INC.
40.772477,-73.809632,CALISI LANDSCAPING CORP.
40.604832,-74.141971,STAR CONCRETE WASHOUT LLC
40.832415,-73.880841,CAMASCONSTRUCTING INC.
40.7183,-73.930571,THE BROOKLYN UNION GAS COMPANY
40.714247,-73.814827,B&M CARTING LTD
40.580487,-74.108878,"M. DE VITO LANDSC. & GARDEN, INC."
40.736912,-73.894918,SCLAFMORE CONSTRUCTION LLC
40.752892,-73.930362,"CGNY RENOVATIONS, INC."
40.579981,-74.006847,GEORGE DEMOLITION & CONTRACTING INC.
40.841062,-73.873358,EXPRESS PLUMBING SEWER & WATER MAIN CONTRACTING CORP.
40.667913,-73.917113,MBWC INC
40.713899,-73.910069,JC CONTRACTING MGMT LLC
40.60239,-73.951967,"PINTO'S GENERAL CONTRACTORS, LLC"
40.683548,-73.824791,BARROS CONSTRUCTION CORP.
40.772934,-73.847901,NOTIAS CONSTRUCTION INC.
40.744504,-73.819373,ALL MOVER LLC
40.69852,-73.805573,ATLAS ROLL-OFF CORP.
40.62855,-73.976724,BIG A CONSTRUCTION GROUP INC.
40.670658,-74.00013,DUTCHESS EQUIPMENT LEASING INC.
40.727076,-73.938063,"UPGRADE CONTRACTING CO., INC."
40.592549,-73.973866,DE LA CRUZ HANDYMAN CORP.
40.650804,-74.013694,"TREDENT CONTRACTING SERVICES, INC."
40.759375,-73.939758,"BAYSIDE CONTRACTING, INC."
40.738169,-73.894126,J.F.K. CONSTRUCTION SERVICES CORP.
40.547145,-74.166201,IRFAN LIMANOSKI & FICIRI DZEMOVSKI
40.752291,-73.824755,D.F. NEW YORK INC.
40.6539,-73.838561,CLEARWATER ENTERPRISES INC.
40.809229,-73.892749,MAYRICH CONSTRUCTION CORP.
40.787686,-73.94923,"ULEPV, CORP."
40.539706,-74.17445,J.A.J. CONTRACTING CORP.
40.669153,-73.799978,ROANA LOGISTICS LLC
40.675639,-73.898346,"HARRIS WATER MAIN & SEWER CONTRACTORS, INC."
40.623455,-74.131124,TRI-BRO ENTERPRISES LLC
40.676768,-73.805316,DEEP CONSTRUCTION INC
40.855224,-73.889161,"BEST NY CONTRACTING, INC."
40.643629,-73.971238,JOSE M LOPEZ
40.584896,-73.987234,SHAO WEN CHEN TRADE WASTE
40.769963,-73.786429,JF CONSTRUCTION III INC
40.575912,-73.986793,"CHESAKL ENTERPRISES, INC."
40.757567,-73.901798,"ASTOR INDUSTRIES, CORP."
40.836549,-73.843795,METROPOLITAN SEWER INC.
40.6115,-74.13011,A S M CONSTRUCTION OF NY CORP.
40.7161,-73.964082,"WILLIAMSBURG GARDEN COMPANY, INC."
40.592008,-74.090757,NEW AMERIMEX ROOFING LLC
40.692961,-73.844337,MJ DESIGN NY INC
40.590126,-74.07879,FRIENDS STRONG 8 INC.
40.719557,-73.922861,SAFEWAY SOLUTIONS CORP.
40.754734,-73.798136,FASTER CONSTRUCTION NY CORP.
40.767871,-73.927599,CHRIS & TONY CONTRACTING CORP.
40.715338,-73.910893,CALCON GROUP INC.
40.654765,-74.012747,PERFETTO CONTRACTING CO. INC.
40.766271,-73.905345,ARTE TILE AND MASONARY INC.
40.779517,-73.848778,ANL NO. 1 CORP.
40.780151,-73.799861,PIETRA CONTRACTING CORP
40.714299,-73.761158,"LUIGI MASONRY WORKS & HOME IMPROVEMENT, INC."
40.684558,-73.952042,EXCLUSIVE DEMOLITION INC.
40.623192,-73.992277,"LUISI BUILDING MATERIALS CO., INC."
40.617597,-74.072836,BENJAMIN CONSTRUCTION CORP.
40.570314,-74.120553,VIN LIA INC.
40.582862,-73.987364,D.A.J. ENTERPRISES LLC
40.570275,-74.120524,"J. BRUNO & SONS, INC."
40.847753,-73.842355,"BOND CIVIL & UTILITY CONSTRUCTION, INC."
40.859476,-73.83436,DATA WATERPROOFING INC.
40.6138,-73.903277,JPL SITE CONTRACTORS LLC
40.650804,-74.013694,"TREDENT CONTRACTING SERVICES, INC."
40.774784,-73.896996,"MARIC MECHANICAL, INC."
40.762999,-73.983922,ALBA CARTING & DEMOLITION INC.
40.779429,-73.848807,"THE FRANKLIN COMPANY CONTRACTORS, INC."
40.715714,-73.741334,CODY CONSTRUCTION CORP.
40.562306,-74.111037,LIBERTY WS INC
40.628681,-73.987975,"GOLD INDUSTRIEZ, LLC"
40.579517,-73.95693,VOLODYMYR VASYLENKO
40.731194,-73.957799,VICTORIA CONSULTING & DEVELOPMENT LLC
40.712065,-73.89591,SATEL DISPOSAL LLC
40.708875,-73.870901,ANTHONY TRANCHINA GENERAL CONTRACTING CORP.
40.62404,-74.003552,"T.Z. BROTHERS GENERAL CONTRACTORS, INC."
40.6677,-73.983242,DINEEN CONSTRUCTION CORP.
40.730588,-73.734284,D.J. DEMA PAINTING CORP.
40.730298,-73.88711,PAWAR BUILDERS LLC
40.546437,-74.231427,PRESTIGE PLUMBING & HEATING INC.
40.785579,-73.835789,LCH SERVICE INC.
40.755628,-73.805583,"WENZHOU DILIGENT GUY, INC."
40.603988,-74.017239,"G&J TRUCKING, INC."
40.736382,-73.939469,TORNADO CARTING CORP
40.537272,-74.182733,JET HAULING LLC
40.795843,-73.813072,DCI ENTERPRISES LLC
40.638888,-73.894979,DRAGONETTI BROTHERS LANDSCAPE NURSERY & FLORIST INC.
40.754874,-73.930894,VORDONIA CONTRACTING & SUPPLIES CORP.
40.767871,-73.927599,CHRIS & TONY CONTRACTING CORP.
40.602542,-73.935953,ARCA CONSTRUCTION CORP.
40.675639,-73.898346,"HARRIS WATER MAIN & SEWER CONTRACTORS, INC."
40.585198,-74.157734,K&A CONSTRUCTION SERVICE INC.
40.545079,-74.208225,A PLUS CONCRETE AND PAVERS GROUP LLC
40.832828,-73.887301,JGS RENOVATIONS INC.
40.554045,-74.135285,TFT CONTRACTING LLC
40.724343,-73.769817,ORIEL PLUMBING & SEWER CORP.
40.763736,-73.797874,JW CLEANING INC.
40.740458,-73.828153,C&D CARTING LLC
40.671884,-73.887101,BERTIE GRIFFITH
40.811069,-73.803698,MARIO MAZZELLA CONTRACTING CORP
40.742307,-73.933112,"ALL CITY REMODELING, INC."
40.548361,-74.231556,ROCK SOLID LANDSCAPE AND MASONRY DESIGN INC.
40.616313,-74.149152,PANACEA CONTRACTING CORP.
40.756951,-73.872056,MAKABAD CORP.
40.744535,-73.889078,ALFA 3 RENOVATION AND MOVING CORP.
40.713843,-74.01379,"EMPIRE CITY SUBWAY COMPANY, LIMITED"
40.728835,-73.94741,"NY METAL DEPOT, INC."
40.801777,-73.915567,MARLANDE HEATING CORP.
40.67523,-74.014053,JBJ CONCRETE RENOVATIONS INC.
40.731105,-73.92354,MASPETH REMODELING CO. INC.
40.632699,-73.901348,SALAB CONSTRUCTION CORP.
40.533888,-74.236294,"A.V. MASONRY, INC."
40.740597,-73.827514,COLARUSSO CONSTRUCTION CORP
40.621058,-74.0736,CHICO'S CLEANUP INC.
40.703637,-73.877702,OLIWA CONSTRUCTION INC.
40.551052,-74.23235,CAPRI LANDSCAPING INC.
40.659333,-74.000634,COLGATE RESTORATION CORP.
40.836549,-73.843795,METROPOLITAN SEWER INC.
40.57396,-74.116978,ECONOMY CONTAINER CORP.
40.613711,-74.180154,A. BIANCO LANDSCAPING INC.
40.718081,-73.914897,"CITY CONSTRUCTION, INC."
40.718221,-73.911928,PLANET WASTE SERVICES LLC
40.698693,-73.933163,APPLE RESTORATION & WATERPROOFING INC.
40.669153,-73.799978,ROANA LOGISTICS LLC
40.570275,-74.120524,"J. CIOFFI TRUCKING, INC."
40.6306,-73.919462,GGN CO. INC.
40.68749,-73.846141,"BLUEPRINT NY CONSTRUCTION GROUP, INC."
40.606578,-74.16658,CAG CONSTRUCTION CORP.
40.749599,-73.908537,W.B. MAINTENANCE & REPAIR CORP.
40.759852,-73.888035,PETER 07 CORP
40.592989,-73.979062,ZHAO HUAN XU
40.835987,-73.844316,TRANSCITY W&S LLC
40.727187,-73.90032,D.P. PAVING & CONCRETE INC
40.507784,-74.244595,"THE NEW MILLENIUM CONCRETE & PAVERS, INC."
40.62855,-73.976724,BIG A CONSTRUCTION GROUP INC.
40.76758,-73.911982,MOTSIOS CONSTRUCTION CORP.
40.654995,-73.918596,C. FRANCIS CONSTRUCTION CORP.
40.7018,-73.820433,PRESTO GENERAL CONTRACTOR CORP
40.731512,-73.924571,EL SOL CONTRACTING AND CONSTRUCTION CORPORATION
40.727112,-73.942865,NADA NYC CORP
40.782976,-73.838641,BRD DEVELOPMENT CORP.
40.752291,-73.824755,D.F. NEW YORK INC.
40.590126,-74.07879,FRIENDS STRONG 8 INC.
40.811213,-73.883718,S & Z CONSTRUCTION CORP.
40.727441,-73.849019,RDDNY DESIGN BUILD CORP.
40.709349,-73.922396,MAVEN CONSTRUCTION CORP.
40.685136,-73.804996,D FREEMAN TRUCKING INC.
40.754383,-73.922748,AQUILINO TENECELA
40.743124,-73.918478,MULROY CORP.
40.635445,-73.992834,BOLD SERVICES INCORPORATED
40.682951,-73.818541,N&J HOME IMPROVEMENT CORP.
40.637533,-73.971608,"WEE DOO SERVICES, INC."
40.739851,-73.928831,TPG CONTRACTING CORP.
40.770506,-73.931788,ITM CONSTRUCTION CORP.
40.672732,-73.813403,MSS GOLDEN EAGLE CONSTRUCTION USA CO. INC.
40.536731,-74.239348,TLEEF INDUSTRIES CORP.
40.669624,-73.826363,DANA CONTRACTING INC.
40.896822,-73.867993,"PRECISE CONSTRUCTION CONTRACTING, INC."
40.750748,-73.874739,L&M MANAGEMENT SERVICES INC
40.739236,-73.789955,BROTHER TRUCKING NY INC
40.649409,-73.911201,"SAL DONA, INC."
40.637324,-73.745641,PHANTOM CARTING INC.
40.52613,-74.167034,A & M DEMOLITION CORP.
40.86606,-73.85476,"ATLAS CONSTRUCTION USA, CORP."
40.691007,-73.827231,UNITED CONTAINERS OF QUEENS INC.
40.6115,-74.13011,A S M CONSTRUCTION OF NY CORP.
40.716819,-74.002013,FIRST STANDARD CONSTRUCTION INC.
40.796369,-73.823053,"APOLLO CONSTRUCTION & DEVELOPMENT, INC."
40.752251,-73.905379,CVM CONSTRUCTION CORP.
40.784122,-73.848287,CASA RECYCLING INC.
40.723311,-73.900315,IPS PLUMBING CORP.
40.669227,-73.798571,GOODWILL MASON INC
40.60703,-74.088339,C&A SENECA CONSTRUCTION LLC
40.603732,-73.938638,S & S CARTING INC
40.843548,-73.856945,"A & G PLASTERING AND TILE, CORP."
40.64647,-73.983456,"DAVID SHANNON FLORIST, INC."
40.664708,-73.813998,SONU CONSTRUCTION CORP.
40.611661,-74.103858,"NEW REGAL CONSTRUCTION, INC"
40.765724,-73.892382,"JUDLAU CONTRACTING, INC."
40.654298,-73.899016,"RE-EARTH OF STROUDSBURG, INC."
40.791512,-73.806883,ARTHUR DIBIASE
40.665723,-73.769843,"MHR LALIA CONSTRUCTION, CORP."
40.625748,-74.174131,ABCO MAINTENANCE INC.
40.729186,-73.889013,A.L.D. MANAGEMENT SERVICES INC.
40.671649,-73.779649,PERALTAS SERVICE GROUP CORP.
40.761063,-73.874972,DK BUILDERS INC
40.7161,-73.964082,"WILLIAMSBURG GARDEN COMPANY, INC."
40.592072,-74.0973,MOSCATO HOME IMPROVEMENTS LLC
40.713899,-73.910069,JC CONTRACTING MGMT LLC
40.830181,-73.875717,"CMESS, CORP."
40.776452,-73.770994,KAYAFAS CONTRACTING CO. INC.
40.635161,-74.156094,AZTECA CONSTRUCTION CORP.
40.718871,-73.763285,V.J. & SONS INC.
40.733012,-73.802882,COSMOS WASTE MANAGEMENT INC.
40.806069,-73.911656,ROCKWAY FUEL OIL CORPORATION
40.637245,-73.90186,ALLIANCE TRUCKING LLC
40.696033,-73.899664,CONWOOD CORP.
40.645042,-74.019289,DJL BROOKLYN INC
40.539062,-74.241626,PAUL TOTH EXCAVATION INC.
40.597883,-74.082015,V&V DEVELOPMENT CORP.
40.668406,-73.923226,TOP NOTCH CLEANUP CORP.
40.80693,-73.888349,"BLACKRIDGE CONSTRUCTION, LLC."
40.636907,-74.010316,PURPLE CAR RENOVATION INC.
40.527621,-74.239337,THE POOL DOCTOR CONTRACTORS INC.
40.630849,-73.969802,FOSTER CONTRACTING INC.
40.635674,-74.149574,COLINS GENERAL CONSTRUCTION LLC
40.855224,-73.889161,"BEST NY CONTRACTING, INC."
40.744504,-73.819373,ALL MOVER LLC
40.753691,-73.739429,JES REMOVAL INC
40.727493,-73.739813,G.S AND SON'S TRUCKING INC.
40.632202,-73.970403,ADVANCE BUILDERS INC.
40.720561,-73.910522,EDCC SERVICES CORP.
40.66892,-74.002394,METHOD MAINTENANCE LLC
40.699793,-73.902038,WS SOUTH CONSTRUCTION INC
40.719109,-73.913157,WORLD CLASS CONTRACTING GROUP INC.
40.599546,-73.99444,SALIK CONSTRUCTION CO. INC
40.5752,-73.975788,"V LIBO RUBBISH, INC."
40.779517,-73.848778,ANL NO. 1 CORP.
40.720806,-73.92217,AGAR CONTRACTING INC.
40.584504,-74.100979,HUSIC INC.
40.749455,-73.737858,ALL SERVICES CONSTRUCTION NY INC
40.743526,-73.893926,TERRA CONSTRUCT CORP.
40.631316,-74.146866,"ABI'S MASONRY, INC."
40.738169,-73.894126,J.F.K. CONSTRUCTION SERVICES CORP.
40.647422,-73.968238,ANGEL & SONS CLEANING SERVICE INC
40.754262,-73.82689,N. AN SHUN CONSTRUCTION INC
40.600064,-74.123307,"DANNY FORTE, INC."
40.756506,-73.826007,YUAN YANG CONSTRUCTION INC
40.780151,-73.799861,PIETRA CONTRACTING CORP
40.723357,-73.751186,SHAMDEO DAYAL
40.728595,-73.720394,"EURO CONCRETE & CONSTRUCTION, INC."
40.727076,-73.938063,"UPGRADE CONTRACTING CO., INC."
40.790149,-73.821354,NU IMAGE CONTRACTING LLC
40.740149,-73.954896,CASTCAPA CONSTRUCTION LLC
40.66181,-73.946605,DEMO SHARK INC
40.736834,-73.937448,C.C.C. RENOVATION INC.
40.75526,-73.772471,DING BROTHER SERVICE INC
40.658516,-73.935968,"CONSTRUCTION SITE SOLUTIONS, INC."
40.59627,-73.942127,HUI LUNG INC
40.743475,-73.854215,FIRST CLASS MANAGEMENT CONTRACTING CORP.
40.581157,-73.982324,RIPPLE CONSTRUCTION CORPORATION
40.61504,-74.179452,ALL SAINTS ENTERPRISES LLC
40.769325,-73.897358,DIONISOS CONSTRUCTION CORP
40.643679,-73.99133,"BALICO GENERAL CONTRACTING, INC."
40.686926,-73.924777,AHTRAM SERVICES CORPORATION
40.809229,-73.892749,MAYRICH CONSTRUCTION CORP.
40.702284,-73.982443,"T.S. CONTRACTING & EQUIPMENT, INC."
40.707469,-73.875679,KNS BUILDING RESTORATION INC.
40.742842,-73.711067,RELY ON TRUCKING INC
40.807692,-73.95489,DEBORAH BRADLEY CONSTRUCTION & MANAGEMENT SERVICES INC.
40.708016,-73.908064,EVERLAST SOLUTIONS CORP.
40.771978,-73.894029,RUMIA CONTRACTING CORP
40.718081,-73.914897,STATEWIDE DEMOLITION CORP.
40.655004,-73.831004,SP HAULER INCORPORATED
40.565307,-74.133209,"D. NATALE MASONRY CONTRACTING, INC."
40.736264,-73.951142,TRI STATE DISMANTLING CORP.
40.758068,-73.800537,US ONE CONSTRUCTION INC
40.633952,-74.148136,"DE-BAR CONTRACTING CO., INC."
40.683032,-73.856038,GSK RESTORATION CORP
40.810032,-73.892075,MELLIFONT CONSTRUCTION CORP.
40.60575,-74.092652,VAN ALPHEN BROTHERS INCORPORATED
40.778201,-73.896843,MESSINA ASPHALT CORP.
40.757437,-73.940384,MANHATTAN INTERIOR CONTRACTING CO. INC.
40.617383,-74.073362,HAULERS INC. NY
40.588241,-74.153817,HONG HUI DEBRIS REMOVAL INC
40.640506,-73.986405,BONAFIDE BUILDERS INC.
40.608506,-73.817926,"J. HOYLER CONSTRUCTION, INC."
40.718106,-73.909064,"LEONE ENTERPRISE, INC."
40.681138,-73.86772,TWO BROTHERS IRON WORK CORP
40.523388,-74.202421,JEFFERY BARATTA
40.770395,-73.752841,"CLEAN-UP SERVICE, INC."
40.689977,-73.810938,YASH & B CONSTRUCTION CORP.
40.599922,-74.194291,RR PLUMBING SERVICES CORP.
40.657581,-73.923959,"MAX SERVICE NYC, INC."
40.623455,-74.131124,J. MANGONE CONSTRUCTION CORP.
40.696058,-73.902289,M J R TRUCKING CORP.
40.808961,-73.950428,MAMAIS CONTRACTING CORP.
40.522135,-74.213754,"ADVANCED SITE CONTRACTORS, INC."
40.672283,-73.800639,EAGLE VISION CONSTRUCTION INC
40.604832,-74.141971,STAR CONCRETE WASHOUT LLC
40.593473,-74.091901,"BENNY'S MASONRY, INC."
40.665182,-73.772566,NY SKY HIGH CONSTRUCTION CORP.
40.781675,-73.827292,"CANBERT, INC."
40.737252,-73.934568,CYPRESS RESTORATION CORP.
40.608513,-73.99253,"GARCIA HOME IMPROVEMENT, CORP."
40.6798,-73.814962,S & S GENERAL CONSTRUCTION INC.
40.702036,-73.955809,STAR RUBBISH REMOVAL LLC
40.610045,-73.99812,KING RUBBISH LTD.
40.682634,-73.828057,KBA HOME IMPROVEMENT INC
40.684558,-73.952042,EXCLUSIVE DEMOLITION INC.
40.550168,-74.230954,MORREALE ASPHALT PAVING CORP.
40.733012,-73.802882,OLYMPIC WASTE REMOVAL CORP.
40.570275,-74.120524,"J. BRUNO & SONS, INC."
40.807571,-73.884656,INNERCITY RECYCLING INC.
40.665942,-73.993476,ACO-DEL GROUP COMPANY INC
40.7304,-73.923804,SAFEWAY CONSTRUCTION ENTERPRISES LLC
40.660562,-73.997935,"H.L. GENERAL CONTRACTORS, INC."
40.617597,-74.072836,BENJAMIN CONSTRUCTION CORP.
40.802193,-73.93627,KAY WATERPROOFING CORP.
40.716074,-73.911094,"EXPEDITE TRUCKING & CONTAINER SERVICES, LLC."
40.72449,-73.908738,INTER RENOVATION INC
40.670658,-74.00013,DUTCHESS EQUIPMENT LEASING INC.
40.547145,-74.166201,IRFAN LIMANOSKI & FICIRI DZEMOVSKI
40.702036,-73.955809,YC11211 INC
40.613701,-74.071125,WENKANG XU
40.507341,-74.250164,JVA MASONRY INC.
40.714299,-73.761158,"LUIGI MASONRY WORKS & HOME IMPROVEMENT, INC."
40.807629,-73.871471,GIRANDOLA & SHUTKIND CONSTRUCTION CORP.
40.869211,-73.858564,UNIQUE1 CONSTRUCTION INC
40.755086,-73.93743,K & D EQUIPMENT LEASING CORP.
40.600857,-74.081338,PARTNER4U CORPORATION
40.87046,-73.886782,G.D.L.L. CONSTRUCTION CORP.
40.656276,-73.894306,D.B.  DEMOLITION INC.
40.779475,-73.901163,ABC CONSTRUCTION CONTRACTING INC
40.578509,-73.963767,"MITTAL CONSTRUCTION, INC."
40.592549,-73.973866,DE LA CRUZ HANDYMAN CORP.
40.627602,-73.942125,GOLD STAR RESTORATION USA LLC
40.745638,-73.870512,THE ROCK CONTRACTOR INC.
40.726343,-73.942736,ARTECH RENOVATION & CONSTRUCTION CORP.
40.807622,-73.911308,"EAST COAST PETROLEUM, INC."
40.636189,-74.02516,EDDIE FLORES MASONRY LLC
40.623738,-73.974431,NY PRIME GROUP LLC
40.743031,-73.705476,"J M R CONSTRUCTION COMPANY, INC."
40.701505,-73.907821,LOJA JR CONSTRUCTION CORP
40.542139,-74.145569,TONY'S MASONRY GROUP LLC
40.759375,-73.939758,"BAYSIDE CONTRACTING, INC."
40.814752,-73.916793,JRR CONTRACTING INC.
40.549315,-74.167282,"ALLIANCE TRI-STATE CONSTRUCTION, INC."
40.776248,-73.795218,GOLDEN TIGER CONSTRUCTION INC
40.75927,-73.812319,Z ASSOCIATES RECYCLING INC.
40.519177,-74.210749,ACCURATE CARTING CORP.
40.7183,-73.930571,THE BROOKLYN UNION GAS COMPANY
40.827745,-73.876126,YUPA CONSTRUCTION CORP.
40.719557,-73.922861,SAFEWAY SOLUTIONS CORP.
40.643862,-73.980689,DWIP CORP.
40.748164,-73.973441,SETANTA INC
40.675129,-73.991651,"PLUMBING NYC, INC."
40.700401,-73.788668,EMDAD CONSTRUCTION INC.
40.625512,-74.000757,ALLSTATE 12 CORP.
40.74018,-73.864305,ROCCO AGOSTINO LANDSCAPE AND GENERAL CONTRACTOR CORP.
40.608601,-74.140005,"PAUL GAGLIO, GENERAL CONTRACTORS, INC."
40.779328,-73.90572,CONSOLIDATED EDISON COMPANY OF NEW YORK INC.
40.728469,-73.94496,"EUROSTRUCT, INC."
40.779022,-73.897148,VERTEX RESTORATION CORP.
40.770508,-73.931806,JETCO CONSTRUCTION CORP.
40.606982,-73.819428,D HANDY INC.
40.674286,-74.001269,"ON SITE DEMOLITION & TRUCKING, CORP."
40.873364,-73.856552,TOOR CONSTRUCTION & PAINTING CORP
40.621362,-73.902899,TOMMY CONSTRUCTION SPECIALISTS CORP.
40.638943,-73.742933,ALMAR SUPPLIES INC.
40.834752,-73.884082,STAR-CEL WATERPROOFING & RESTORATION CORP.
40.771853,-73.847965,"NEPTUNE MECHANICAL, INC."
40.74887,-73.872267,N Y C BEST REMODELING INC.
40.649387,-74.015882,GOODALL ELECTRIC CORP.
40.578156,-74.0045,P & F REMOVAL SERVICE INC.
40.562283,-74.178965,"JULIA ROSE TRANSPORT, INC."
40.638165,-74.14255,ZAIM CONTRACTOR CORP.
40.724544,-73.92963,"VALI INDUSTRIES, INC."
40.667832,-73.819746,360 REMOVAL SERVICES INC.
40.813488,-73.895144,"CIVETTA COUSINS JV, LLC."
40.572612,-74.113754,ACCORD ENTERPRISE CORP.
40.740149,-73.954896,C.A.C. INDUSTRIES INC.
40.694311,-73.95422,APM SERVICES GROUP CORP
40.787686,-73.94923,"ULEPV, CORP."
40.789807,-73.825635,"SAL D'AMICO CONSTRUCTION, INC."
40.532368,-74.161588,"DITTA MALITO CONTRACTING, INC."
40.685101,-73.8431,J & N CONSTRUCTION GROUP CORP.
40.615369,-73.905026,FALCO CONSTRUCTION CORP.
40.715813,-73.910449,"NORTHEAST SERVICE INTERIORS, LLC"
40.69852,-73.805573,PRO CONCRETE CONTRACTORS CORP.
40.631868,-74.005109,"AIELLO LEASING CO., INC."
40.674037,-73.820782,"LEMAZIA CONSTRUCTION, INC."
40.539706,-74.17445,J.A.J. CONTRACTING CORP.
40.669275,-73.815467,ALL ZONE CONSTRUCTION INC.
40.70799,-73.776903,SUPREME NY TRUCKING CORP.
40.843578,-73.832364,"JS CONCRETE & MASONRY, LLC"
40.586026,-74.197134,NEW TWINS LANDSCAPING & CONSTRUCTION CORP
40.604516,-74.009115,OMEGA STUCCO CORP
40.736912,-73.894918,SCLAFMORE CONSTRUCTION LLC
40.575825,-74.130354,"COLGATE MAINTENANCE, CORP."
40.722342,-73.877051,LEVEL GROUND OF NY INC
40.789049,-73.812871,GUS POOLS INC.
40.764044,-73.885955,"ABC RESTORATION, INC."
40.676328,-73.741073,LEE PLUS ONE INC.
40.831531,-73.922196,7TH STAR RENOVATION INC.
40.703212,-73.98109,REDEMPTION MASONRY CONTRACTING CORP.
40.675268,-73.895672,KERRY CRAWFORD
40.623011,-74.004633,DADE WRECKING DEMOLITION LLC
40.580487,-74.108878,"M. DE VITO LANDSC. & GARDEN, INC."
40.602524,-73.996827,US LEVIN GRP CORP
40.627188,-73.927773,NICOROB CORPORATION
40.589238,-73.984266,GLASS ARMOR OF NEW YORK INC.
40.749563,-73.983726,ALPINE CONSTRUCTION & LANDSCAPING CORP.
40.837532,-73.842448,AVD CONSTRUCTION INC.
40.601964,-73.948795,S & S CONTAINERS INC.
40.597051,-74.097408,BOVILLE ENTERPRISES LLC
40.653888,-73.906708,VARDARO CONSTRUCTION CORP.
40.673699,-73.81888,BUILD IT BROTHERS INC
40.607635,-73.910115,S & SHILAT CLEANING INC.
40.738369,-73.89694,QUICKTRASHERS INC.
40.638666,-74.129774,J. MOLFINO MASONRY INC
40.88377,-73.829395,VINCENT RUSCIANO CONSTRUCTION CO. INC.
40.713689,-73.986484,WEI CONSTRUCTION INC.
40.590311,-73.941949,DA XING RENOVATION INC
40.677531,-73.822759,ROYCE THE CHOICE CONSTRUCTION & DEBRIS REMOVAL LLC
40.722416,-73.937858,"COMPASS CONSTRUCTION OF NEW YORK CO., INC."
40.826048,-73.883435,JOHN CIVETTA CONSTRUCTION CORP.
40.757168,-73.79296,SARV ENTERPRISE CORP.
40.674328,-73.843212,TONAR CONSTRUCTION CORP.
40.726692,-73.938954,JERRICK ASSOCIATES INC.
40.772477,-73.809632,CALISI LANDSCAPING CORP.
40.513531,-74.247662,SAL CULOTTA INC.
40.70362,-73.92927,TELL CAR TRUCKING CORP.
40.578735,-73.966193,ALAN LANDSMAN
40.747631,-73.774702,S & D LIN 138 INC.
40.82927,-73.844094,"CASTLE HILL LANDSCAPING SUPPLIES, INC."
40.794861,-73.813725,MATEMPA CORP.
40.700251,-73.915032,ESCUDERO ENTERPRISE CORP
40.765837,-73.729754,SAFEWAY SERVICES CORP
40.735503,-73.917379,SOUTH FERRY DEVELOPMENT CORP.
40.567766,-74.104452,C-T INTERIOR RENOVATIONS INC.
40.802034,-73.935884,ASA INTERIOR RENOVATIONS CORP.
40.700074,-73.83574,"KM CONTRACTORS, INC"
40.550281,-74.180329,"SUPERIOR QUALITY DESIGN PAVERS, INC"
40.626666,-74.161842,"MEZZACAPPA CONCRETE CONTRACTING, INC."
40.886944,-73.828244,WESTMORELAND CONSTRUCTION INC.
40.776993,-73.977827,"THAMES BUILDERS, INC."
40.680137,-73.750518,"ECKO STAR REMOVAL, INC."
40.766271,-73.905345,ARTE TILE AND MASONARY INC.
40.720733,-73.997388,"FORKOSH CONSTRUCTION CO., INC."
40.761614,-74.00022,"DUBLIN DEMOLITION AND CARTING, INC."
40.626814,-73.946582,BTA BUILDING & DEVELOPING INC.
40.615582,-74.119662,"SARCONE MASONRY, INC."
40.731584,-73.921396,KHC EQUIPMENT INC.
40.528825,-74.198174,SAVO BROTHER'S INC.
40.680211,-73.821205,"PARAMOUNT PIPING, INC."
40.723666,-73.891357,MASPETH GENERAL CONTRACTING CORP.
40.750823,-73.947786,TRIESTE CONSTRUCTION CORP.
40.651727,-73.827884,FRIENDY 8 INC.
40.627879,-74.154186,CML TAPING & PAINTING CORP.
40.734248,-73.719959,"US ABC CONSTRUCTION, CORP."
40.776534,-73.840545,WEN JIE LI
40.714247,-73.814827,B&M CARTING LTD
40.789571,-73.827101,PHIL VALENZA CONTRACTING INC.
40.692961,-73.844337,MJ DESIGN NY INC
40.687916,-73.809794,SANYO S CONSTRUCTION CORP.
40.619305,-73.933232,ABSOLUTE WASTE SERVICES LLC
40.764076,-73.771239,"TBO SITESCAPES, INC."
40.757567,-73.901798,"ASTOR INDUSTRIES, CORP."
40.824636,-73.88015,MP WORK FORCE SERVICE CORP.
40.610376,-74.138287,L&C CONSTRUCTION WASTE MANAGEMENT INC
40.620974,-73.933216,RELIABLE GENERAL CONTRACTORS INC.
40.752281,-73.898918,BARROCA TOOL & EQUIPMENT RENTAL CORP.
40.785495,-73.838491,"SHARAN BUILDERS, INC."
40.575912,-73.986793,"CHESAKL ENTERPRISES, INC."
40.529595,-74.232329,TM CONSTRUCTION GROUP LLC
40.717068,-73.878381,"ROBART CONSTRUCTION, INC."
40.771246,-73.903803,ROSENWACH TANK CO. LLC
40.682558,-73.854799,ZAMAN CONSTRUCTION CORP.
40.74714,-73.83107,"ANFLO CONSTRUCTION, LLC"
40.703004,-73.984098,GUMA CONSTRUCTION CORP.
40.754734,-73.798136,FASTER CONSTRUCTION NY CORP.
40.701855,-73.82206,"JOSEPH L. BALKAN, INC."
40.769045,-73.915233,TWO-TONE GROUP CORP.
40.707353,-73.800573,JM & SON ROLL OFF CORP
40.789087,-73.812708,ALL STATE 12 GENERAL CONTRACTING CORP.
40.649834,-74.018181,LADY LIBERTY CONTRACTING CORP.
40.716726,-73.913149,ABANNO WATERPROOFING INC
40.617184,-74.005374,CHASE LANDSCAPE CONSTRUCTION INC.
40.761241,-73.864973,CRESCENT STREET CONSTRUCTION CORPORATION
40.617752,-74.15485,"GIMI CONSTRUCTION, LLC"
40.876365,-73.836729,CITY & COUNTY PAVING CORP.
40.628681,-73.987975,MIST ENTERPRISE INC.
40.701869,-73.737908,"ARSENAL INDUSTRIES, LLC"
40.713127,-73.775025,A.W.C. SOLID CONSTRUCTION INC.
40.736757,-73.924721,SBN ENTERPRISE INC.
40.682864,-73.963974,A MALEK CONTRACTING LLC
40.613019,-74.072471,CHALACO'S CORPORATION
40.623455,-74.131124,TRI-BRO ENTERPRISES LLC
40.649409,-73.911201,VICTORY CONTRACTING CO. INC.
40.669058,-73.79757,RESHNAD TRUCKING SVCS INC.
40.698496,-73.957906,S. E. I. GROUP CORP
40.673785,-73.900699,M&B CONSTRUCTION INC.
40.755247,-73.900527,NYC MAINMAN CORP.
40.720339,-73.939999,M & A PROJECTS INC.
40.678756,-73.817474,"RB & SON GENERAL CONTRACTORS, INC."
40.734788,-73.897855,L2 WASTE INC.
40.688517,-73.873763,LO SARDO GENERAL CONTRACTORS INC.
40.727541,-73.944293,"TRIBUTE RESTORATION, INC"
40.87565,-73.845627,SURE SHOT CONSTRUCTION LLC
40.640141,-73.955291,TORRE ALTA CONTRACTING INC.
40.752892,-73.930362,"CGNY RENOVATIONS, INC."
40.71469,-73.749123,BAY RESTORATION CORP.
40.590654,-73.984831,HIGH POINT CONSTRUCTION GROUP CORP.
40.809229,-73.892749,MAYRICH EQUIPMENT CORP.
40.643629,-73.971238,JOSE M LOPEZ
40.676204,-73.937382,"BROOK LANDSCAPE, INC."
40.802314,-73.914742,STANDARD WATERPROOFING CORP.
40.765375,-73.771646,METRO GC NY INC.
40.546247,-74.182941,EV MASONRY LLC
40.762583,-73.763093,XING LONG 9 INC.
40.632259,-74.125244,ALLBORO WATER & SEWER CORP.
40.762183,-73.79337,TOR CONCRETE LLC
40.63152,-74.166364,A.M. HAULERS LLC
40.844208,-73.866529,LEGACY CARTING CORP.
40.746869,-73.993616,"FULL SCALE CONTRACTING, INC."
40.599774,-73.996053,YALI YASI INC
40.596731,-74.092348,"R.C. MESITI ENTERPRISES, INC."
40.683548,-73.824791,BARROS CONSTRUCTION CORP.
40.718496,-73.991486,HERMAN TRUCKING LLC
40.818133,-73.928505,LEARDON BOILER WORKS INC.
40.60239,-73.951967,"PINTO'S GENERAL CONTRACTORS, LLC"
40.774382,-73.789675,DERMODY CONTRACTING INC.
40.715318,-73.943467,"DOMINICK SIANO GENERAL CONTRACTING, INC."
40.71461,-73.903109,JEPOL CONSTRUCTION INC.
40.669277,-73.815463,"HONEY CONSTRUCTION NY, INC."
40.674163,-73.729253,"DAVID'S CONSTRUCTION & HOME IMPROVEMENT, CORP."
40.719051,-73.949676,BREND RESTORATION LLC
40.677147,-73.792999,GR BROTHERS TRUCKING INC.
40.682721,-73.841242,"N. Y. AMERICAN EMERGENCY SERVICE, LLC"
40.777103,-73.813655,VINNY & SON CONTRACTING CORP.
40.881716,-73.863828,"MAGENTA CONSTRUCTION SERVICES, INC."
40.693209,-73.794251,ADONAI CONSTRUCTION CORP.
40.629921,-74.127311,"E R DESIGN & CONSTRUCTION, INC."
40.552226,-74.160442,BAUDIN'S MASONRY INC.
40.689845,-73.979068,SQUARE INDIGO INC.
40.879117,-73.852703,THE PUMA HOME REPAIR AND PAINTING CORP.
40.807499,-73.883681,"JOHN DANNA & SONS, INC."
40.569574,-74.123982,E.B.C. MASONRY CONTRACTOR & SPRINKLER CORP.
40.654765,-74.012747,PERFETTO CONTRACTING CO. INC.
40.621723,-74.03023,LIBERTY STONE CORP.
40.751378,-73.786607,A1 JUNK EXPRESS LLC
40.596179,-73.980555,WE CLEAN NEW YORK RUBBISH REMOVAL INC
40.700057,-73.890454,RYAN'S WASTE SERVICE CORP.
40.610464,-73.749684,KEL-TECH CONSTRUCTION INC.
40.676768,-73.805316,DEEP CONSTRUCTION INC
40.576509,-74.132818,"MAC CONTRACTING OF SI, INC."
40.832415,-73.880841,CAMASCONSTRUCTING INC.
40.643951,-74.097563,"NICOLAS CONSTRUCTION, CORP."
40.61262,-74.103323,CHRISTIAN CONSTRUCTION LLC
40.601265,-74.194014,RICHMOND RECYCLING LLC
40.867687,-73.856503,KEYSTONE CONTRACTING CORP.
40.757387,-73.860238,R&G 2020 SERVICES CORP
40.668479,-73.810877,MULTANI CONSTRUCTION USA CORP
40.781084,-73.811485,JOE D'AMICO CONSTRUCTION CORP.
40.599579,-74.129972,UNIVERSAL MASONRY CORP.
40.807571,-73.884656,"NOVA SERVICES, LLC"
40.589501,-74.099543,ERY CONSTRUCTION INC.
40.690378,-73.863487,PASCO CONTRACTORS CORP.
40.725388,-73.986911,DG CONTRACTORS INC.
40.676959,-74.016624,STROYBAT INC.
40.850682,-73.937528,MW CONSTRUCTION INC.
40.790162,-73.811849,DIMAR SERVICES CORP.
40.637807,-74.145648,"THOMAS F. CORBETT ASSOCIATES, LLC"
40.7116,-73.904311,ROYAL RENOVATION CORP.
40.697073,-73.943738,HWL UNITED JUNK REMOVAL INC
40.610208,-73.952423,JUNKHUB INC
40.74149,-73.914138,METROPOLITAN CONSTRUCTION & MAINTENANCE CORP.
40.741137,-73.953477,"SATO CONSTRUCTION CO., INC."
40.6539,-73.838561,CLEARWATER ENTERPRISES INC.
40.748203,-73.871925,GENIUS CONSTRUCTION CORP.
40.754796,-73.812126,HUANG JUNK DISPOSAL INC
40.617174,-74.143218,HYW BROTHERS INC.
40.659054,-73.767757,CARELLI CONSTRUCTION CORP
40.595145,-74.165428,"SAM'S MASONRY, INC."
40.758434,-73.811011,W & Z GARBAGE ROMOVAL INC.
40.777552,-73.838932,ALASIA WASTE REMOVAL INC.
40.631717,-74.004857,"V.N.A. UTILITY CONTRACTING CO., INC."
40.719695,-73.946793,3 L. BROS. CORP.
40.578248,-74.133703,"FAYZO MASONARY, INC."
40.61914,-73.923704,CERTIFIED MANAGEMENT & MAINTENANCE CORP.
40.745956,-73.953012,E-J ELECTRIC INSTALLATION COMPANY
40.728628,-73.803916,SHUN FENG GAO INC
40.694666,-73.818325,VCASA CONSTRUCTION INC
40.619397,-74.156371,A.C. PRESTIGE CONSTRUCTION INC.
40.776534,-73.840545,Z S Z CARTING INC
40.737583,-73.734747,"MARK CONTRACTING NY, INC"
40.618006,-73.904168,A. VITALE & SON CONSTRUCTION CORP.
40.823168,-73.880257,DMP LEASING CORP.
40.829127,-73.878331,CARLOS ARMANDO QUIZHIP CHIMA
40.716261,-73.941099,SKILL- MAN CONTRACTING INC.
40.756241,-73.828632,ZHE JIANG FANG DA INC.
40.847264,-73.868315,FGI CORPORATION
40.603158,-73.965075,BRICK ZONE CONSTRUCTION CORP.
40.769963,-73.786429,JF CONSTRUCTION III INC
40.705664,-73.9125,XAVIER ECUMEX ENTERPRISE CORP
40.752056,-73.986151,C & M GENERAL CONTRACTING INC.
40.576706,-73.993445,H & Y 1 INC
40.586436,-73.91976,NBJ CONTRACTING INC
40.693731,-73.807459,SUS  ENTERPRISES  INC.
40.590976,-74.083821,HUA HUNG MOVING INC
40.750548,-73.907132,MAGNUS GS INC
40.589758,-74.100043,DAMATO BRO. TRUCKING INC
40.64155,-73.938697,DAWN GENERAL CONTRACTOR INC.
40.762902,-73.832347,SUNLIGHT GENERAL CONTRACTOR INC.
40.695445,-73.797086,BARCELONA CONTRACTING CORP.
40.527723,-74.211337,SAGONA LANDSCAPING LTD.
40.704893,-73.861874,"MARK ALKE GENERAL CONTRACTING, INC."
40.588285,-73.958347,AMS NY CONTRACTOR INC.
40.688073,-73.806959,LENNY'S REMOVAL INC.
40.703187,-73.793117,THOMAS NOVELLI CONTRACTING CORP.
40.574942,-74.139233,ANTHONY VENDITTI
40.633967,-74.1244,"ULTRA GENERAL CONTRACTING, INC."
40.673372,-73.859952,WORLD CONTRACTING INC
40.708683,-73.871366,CASTLE SANITATION CORPORATION
40.762639,-73.915201,HOME TECH GROUP DC INC
40.624432,-73.911576,ACD QUALITY CORP
40.619054,-73.982361,JAMJ CONSTRUCTION CORP.
40.686668,-73.843201,"TRINCHESE CONSTRUCTION, INC."
40.587754,-73.956338,SERGEY KOCHNEV
40.774179,-73.81518,MULTI-BORO CONTRACTING CORP.
40.632769,-74.148508,LOFFRENO LANDSCAPE CONTRACTING CORP.
40.733189,-73.938559,NEW YORK PAVING INC.
40.715338,-73.910893,CALCON GROUP INC.
40.609761,-74.013614,J & R EXPRESS MOVING CORP.
40.732704,-73.950542,"PEDROL CONTRACTING, INC."
40.584896,-73.987234,SHAO WEN CHEN TRADE WASTE
40.592008,-74.090757,NEW AMERIMEX ROOFING LLC
40.59053,-74.092743,"CPS CONTRACTING CO., INC."
40.67883,-73.781349,CANDLE CONSTRUCTION CORP.
40.747044,-73.987123,TMG CONSTRUCTION CORP
40.841062,-73.873358,EXPRESS PLUMBING SEWER & WATER MAIN CONTRACTING CORP.
40.758025,-73.942034,VEMA GROUP LLC
40.628803,-74.166473,"CHEZ BRO'S, CORP."
40.726875,-73.898311,ROBA RENOVATION CORP
40.83878,-73.874736,"E-J ENERGY, LLC"
40.579981,-74.006847,GEORGE DEMOLITION & CONTRACTING INC.
40.813533,-73.88478,NEW V & B POWER CORP
40.639238,-73.990012,BSD NY ENTERPRISES INC
40.795791,-73.813137,VELEZ FREIGHT LLC
40.858412,-73.840971,"EXPRESS CONSTRUCTION, INC."
40.574976,-74.084395,UNITED LAND CONSTRUCTION INC.
40.719216,-73.94452,TRINIDAD CONSTRUCTION CORP.
40.772934,-73.847901,NOTIAS CONSTRUCTION INC.
40.77666,-73.816819,CANGIALOSI CONSTRUCTION LLC
40.714592,-73.908163,VANQUISH CONTRACTING CORP.
40.740302,-73.952485,ALL FORCE CONTRACTING CORP
40.677334,-73.804416,GAGAN G.C. INC.
40.638965,-74.167385,D M P SERVICES CORP
40.734977,-73.794598,"ALVIN PETROLEUM SYSTEMS, INC."
40.766059,-73.787448,RENO GENERAL CONSTRUCTION CORPORATION
40.59795,-74.073113,PERFECT RESTORATION INC
40.741193,-73.867572,NEW YORK LUCKY CONSTRUCTION CORPORATION
40.570314,-74.120553,VIN LIA INC.
40.647431,-73.971164,"SASCO BUILDERS, INC."
40.594074,-73.927287,"BIG APPLE CHIMNEY, LLC"
40.696147,-73.859183,TONY LIN CONSTRUCTIONS INC.
40.70918,-73.923515,ADAM'S EUROPEAN CONTRACTING INC.
40.639094,-73.88307,"MURFYA TRUCKING, INC."
40.595643,-74.087266,"SCAMPA CONTRACTING, CORP."
40.703004,-73.984098,ZEV ELECTRIC CORP.
40.635096,-74.075986,"K.E.S. CONSTRUCTION CO., INC."
40.787497,-73.837374,FRANK MARANDO LANDSCAPE INC.
40.763658,-73.938379,LEMODE PLUMBING & HEATING CORP.
40.564631,-74.126524,FRIENDLY FLOOR COVERING INC.
40.759014,-73.820081,FEIDA EXPRESS INC.
40.593808,-74.187104,ALFONSO'S HOME IMPROVEMENT AND CONTRACTORS INC.
40.861235,-73.846387,BD CONSTRUCTION & BUILDERS INC.
40.604041,-74.011005,"PUZA CONSTRUCTION, INC."
40.666666,-73.884132,PRO CA-SA CONSTRUCTION CORP.
40.638403,-73.923996,"BROOKLYN TRUCKING INDUSTRIES, INC."
40.710165,-73.852975,"ZHE JIANG SHUN FA, LLC"
40.667913,-73.917113,MBWC INC
40.766228,-73.874273,AGT RENOVATION SERVICES CORP.
40.589853,-73.983967,SKY HEIGHTS CONSTRUCTION CORP.
40.75342,-73.937829,CENTRAL CONSTRUCTION MANAGEMENT LLC
40.627665,-74.14051,ROCCO'S LANDSCAPING AND CONCRETE SERVICE LLC
40.582862,-73.987364,D.A.J. ENTERPRISES LLC
40.731139,-73.788123,NEW POWER WASTE SERVICE INC.
40.589818,-74.155045,LI HIN CORP
40.646307,-73.977968,YU HUA CONSTRUCTION CORP.
40.75496,-73.862286,L & L 888 SERVICE INC
40.608244,-73.999654,INTERBORO PROPERTY MANAGEMENT CORP.
40.717002,-73.883226,"E-Z TOUCH HOME IMPROVEMENTS & REMODELING, INC."
40.610455,-74.145412,MATERIALS NYC INC.
40.762282,-73.841955,TULLY CONSTRUCTION CO. INC.
40.69852,-73.805573,ATLAS ROLL-OFF CORP.
40.676204,-73.985998,"KNOCKOUT CONSTRUCTION, INC."
40.729697,-73.902341,IRISH MIST CORP.
40.728628,-73.803916,DING FENG LIN CONSTRUCTION LLC
40.868317,-73.848995,KARM CONSTRUCTION INCORPORATED
40.592447,-73.989295,B & L CONSTRUCTION AND REMOVAL CORP.
40.89672,-73.864524,HARLEM VALLEY CORPORATION
40.595028,-73.99381,JC CONTAINER INC
40.850846,-73.851804,"A & A RESTORATION, INC."
40.727755,-73.882529,LUCKY STAR 888 INC.
40.64362,-74.016929,MASTER REPAIR CONTRACTING CORP
40.58885,-73.814166,QUICK CONTAINERS INC.
40.769289,-73.913731,KROYWEN REALTY & CONSTRUCTION CORP.
40.606232,-73.974553,AMJAD ALI
40.720068,-73.901673,"G. FAZIO CONSTRUCTION CO., INC."
40.711016,-73.879052,ACON CONSTRUCTION/REN CORP.
40.623192,-73.992277,"LUISI BUILDING MATERIALS CO., INC."
40.807692,-73.95489,DEBORAH BRADLEY CONSTRUCTION & MANAGEMENT SERVICES INC.
40.77666,-73.816819,CANGIALOSI CONSTRUCTION LLC
40.776993,-73.977827,"THAMES BUILDERS, INC."
40.578156,-74.0045,P & F REMOVAL SERVICE INC.
40.756951,-73.872056,MAKABAD CORP.
40.834752,-73.884082,STAR-CEL WATERPROOFING & RESTORATION CORP.
40.57396,-74.116978,ECONOMY CONTAINER CORP.
40.637245,-73.90186,ALLIANCE TRUCKING LLC
40.674037,-73.820782,"LEMAZIA CONSTRUCTION, INC."
40.716261,-73.941099,SKILL- MAN CONTRACTING INC.
40.779328,-73.90572,CONSOLIDATED EDISON COMPANY OF NEW YORK INC.
40.731584,-73.921396,KHC EQUIPMENT INC.
40.675268,-73.895672,KERRY CRAWFORD
40.550281,-74.180329,"SUPERIOR QUALITY DESIGN PAVERS, INC"
40.772477,-73.809632,CALISI LANDSCAPING CORP.
40.702284,-73.982443,"T.S. CONTRACTING & EQUIPMENT, INC."
40.755086,-73.93743,K & D EQUIPMENT LEASING CORP.
40.733012,-73.802882,OLYMPIC WASTE REMOVAL CORP.
40.767871,-73.927599,CHRIS & TONY CONTRACTING CORP.
40.705664,-73.9125,XAVIER ECUMEX ENTERPRISE CORP
40.649409,-73.911201,VICTORY CONTRACTING CO. INC.
40.74018,-73.864305,ROCCO AGOSTINO LANDSCAPE AND GENERAL CONTRACTOR CORP.
40.685101,-73.8431,J & N CONSTRUCTION GROUP CORP.
40.750823,-73.947786,TRIESTE CONSTRUCTION CORP.
40.727541,-73.944293,"TRIBUTE RESTORATION, INC"
40.832415,-73.880841,CAMASCONSTRUCTING INC.
40.794861,-73.813725,MATEMPA CORP.
40.830181,-73.875717,"CMESS, CORP."
40.723357,-73.751186,SHAMDEO DAYAL
40.754874,-73.930894,VORDONIA CONTRACTING & SUPPLIES CORP.
40.762999,-73.983922,ALBA CARTING & DEMOLITION INC.
40.762583,-73.763093,XING LONG 9 INC.
40.680137,-73.750518,"ECKO STAR REMOVAL, INC."
40.632259,-74.125244,ALLBORO WATER & SEWER CORP.
40.747631,-73.774702,S & D LIN 138 INC.
40.617752,-74.15485,"GIMI CONSTRUCTION, LLC"
40.745638,-73.870512,THE ROCK CONTRACTOR INC.
40.714592,-73.908163,VANQUISH CONTRACTING CORP.
40.713127,-73.775025,A.W.C. SOLID CONSTRUCTION INC.
40.736912,-73.894918,SCLAFMORE CONSTRUCTION LLC
40.67523,-74.014053,JBJ CONCRETE RENOVATIONS INC.
40.565307,-74.133209,"D. NATALE MASONRY CONTRACTING, INC."
40.589238,-73.984266,GLASS ARMOR OF NEW YORK INC.
40.850846,-73.851804,"A & A RESTORATION, INC."
40.682864,-73.963974,A MALEK CONTRACTING LLC
40.759014,-73.820081,FEIDA EXPRESS INC.
40.638165,-74.14255,ZAIM CONTRACTOR CORP.
40.741193,-73.867572,NEW YORK LUCKY CONSTRUCTION CORPORATION
40.5752,-73.975788,"V LIBO RUBBISH, INC."
40.807571,-73.884656,"NOVA SERVICES, LLC"
40.763736,-73.797874,JW CLEANING INC.
40.749455,-73.737858,ALL SERVICES CONSTRUCTION NY INC
40.826048,-73.883435,JOHN CIVETTA CONSTRUCTION CORP.
40.673699,-73.81888,BUILD IT BROTHERS INC
40.61262,-74.103323,CHRISTIAN CONSTRUCTION LLC
40.858412,-73.840971,"EXPRESS CONSTRUCTION, INC."
40.718081,-73.914897,STATEWIDE DEMOLITION CORP.
40.837532,-73.842448,AVD CONSTRUCTION INC.
40.600064,-74.123307,"DANNY FORTE, INC."
40.765375,-73.771646,METRO GC NY INC.
40.764076,-73.771239,"TBO SITESCAPES, INC."
40.700401,-73.788668,EMDAD CONSTRUCTION INC.
40.715338,-73.910893,CALCON GROUP INC.
40.811069,-73.803698,MARIO MAZZELLA CONTRACTING CORP
40.574942,-74.139233,ANTHONY VENDITTI
40.769963,-73.786429,JF CONSTRUCTION III INC
40.776452,-73.770994,KAYAFAS CONTRACTING CO. INC.
40.779517,-73.848778,ANL NO. 1 CORP.
40.673785,-73.900699,M&B CONSTRUCTION INC.
40.703637,-73.877702,OLIWA CONSTRUCTION INC.
40.627602,-73.942125,GOLD STAR RESTORATION USA LLC
40.621723,-74.03023,LIBERTY STONE CORP.
40.752291,-73.824755,D.F. NEW YORK INC.
40.606982,-73.819428,D HANDY INC.
40.761063,-73.874972,DK BUILDERS INC
40.539706,-74.17445,J.A.J. CONTRACTING CORP.
40.720561,-73.910522,EDCC SERVICES CORP.
40.736757,-73.924721,SBN ENTERPRISE INC.
40.613711,-74.180154,A. BIANCO LANDSCAPING INC.
40.575912,-73.986793,"CHESAKL ENTERPRISES, INC."
40.589853,-73.983967,SKY HEIGHTS CONSTRUCTION CORP.
40.752281,-73.898918,BARROCA TOOL & EQUIPMENT RENTAL CORP.
40.754796,-73.812126,HUANG JUNK DISPOSAL INC
40.761241,-73.864973,CRESCENT STREET CONSTRUCTION CORPORATION
40.522135,-74.213754,"ADVANCED SITE CONTRACTORS, INC."
40.7116,-73.904311,ROYAL RENOVATION CORP.
40.631316,-74.146866,"ABI'S MASONRY, INC."
40.59053,-74.092743,"CPS CONTRACTING CO., INC."
40.739236,-73.789955,BROTHER TRUCKING NY INC
40.75526,-73.772471,DING BROTHER SERVICE INC
40.795843,-73.813072,DCI ENTERPRISES LLC
40.667832,-73.819746,360 REMOVAL SERVICES INC.
40.774382,-73.789675,DERMODY CONTRACTING INC.
40.83878,-73.874736,"E-J ENERGY, LLC"
40.67883,-73.781349,CANDLE CONSTRUCTION CORP.
40.759852,-73.888035,PETER 07 CORP
40.552226,-74.160442,BAUDIN'S MASONRY INC.
40.667913,-73.917113,MBWC INC
40.698496,-73.957906,S. E. I. GROUP CORP
40.66892,-74.002394,METHOD MAINTENANCE LLC
40.578248,-74.133703,"FAYZO MASONARY, INC."
40.529595,-74.232329,TM CONSTRUCTION GROUP LLC
40.672732,-73.813403,MSS GOLDEN EAGLE CONSTRUCTION USA CO. INC.
40.589758,-74.100043,DAMATO BRO. TRUCKING INC
40.590311,-73.941949,DA XING RENOVATION INC
40.774179,-73.81518,MULTI-BORO CONTRACTING CORP.
40.777103,-73.813655,VINNY & SON CONTRACTING CORP.
40.715813,-73.910449,"NORTHEAST SERVICE INTERIORS, LLC"
40.669058,-73.79757,RESHNAD TRUCKING SVCS INC.
40.595643,-74.087266,"SCAMPA CONTRACTING, CORP."
40.513531,-74.247662,SAL CULOTTA INC.
40.528825,-74.198174,SAVO BROTHER'S INC.
40.780151,-73.799861,PIETRA CONTRACTING CORP
40.639094,-73.88307,"MURFYA TRUCKING, INC."
40.653888,-73.906708,VARDARO CONSTRUCTION CORP.
40.824636,-73.88015,MP WORK FORCE SERVICE CORP.
40.654995,-73.918596,C. FRANCIS CONSTRUCTION CORP.
40.776534,-73.840545,Z S Z CARTING INC
40.60703,-74.088339,C&A SENECA CONSTRUCTION LLC
40.781084,-73.811485,JOE D'AMICO CONSTRUCTION CORP.
40.602524,-73.996827,US LEVIN GRP CORP
40.769289,-73.913731,KROYWEN REALTY & CONSTRUCTION CORP.
40.703004,-73.984098,GUMA CONSTRUCTION CORP.
40.723311,-73.900315,IPS PLUMBING CORP.
40.665723,-73.769843,"MHR LALIA CONSTRUCTION, CORP."
40.639238,-73.990012,BSD NY ENTERPRISES INC
40.796369,-73.823053,"APOLLO CONSTRUCTION & DEVELOPMENT, INC."
40.749563,-73.983726,ALPINE CONSTRUCTION & LANDSCAPING CORP.
40.683032,-73.856038,GSK RESTORATION CORP
40.590976,-74.083821,HUA HUNG MOVING INC
40.621362,-73.902899,TOMMY CONSTRUCTION SPECIALISTS CORP.
40.564631,-74.126524,FRIENDLY FLOOR COVERING INC.
40.647422,-73.968238,ANGEL & SONS CLEANING SERVICE INC
40.744504,-73.819373,ALL MOVER LLC
40.603158,-73.965075,BRICK ZONE CONSTRUCTION CORP.
40.88377,-73.829395,VINCENT RUSCIANO CONSTRUCTION CO. INC.
40.619397,-74.156371,A.C. PRESTIGE CONSTRUCTION INC.
40.750748,-73.874739,L&M MANAGEMENT SERVICES INC
40.89672,-73.864524,HARLEM VALLEY CORPORATION
40.789571,-73.827101,PHIL VALENZA CONTRACTING INC.
40.847264,-73.868315,FGI CORPORATION
40.744535,-73.889078,ALFA 3 RENOVATION AND MOVING CORP.
40.6539,-73.838561,CLEARWATER ENTERPRISES INC.
40.611661,-74.103858,"NEW REGAL CONSTRUCTION, INC"
40.581157,-73.982324,RIPPLE CONSTRUCTION CORPORATION
40.595028,-73.99381,JC CONTAINER INC
40.547145,-74.166201,IRFAN LIMANOSKI & FICIRI DZEMOVSKI
40.684558,-73.952042,EXCLUSIVE DEMOLITION INC.
40.585198,-74.157734,K&A CONSTRUCTION SERVICE INC.
40.728835,-73.94741,"NY METAL DEPOT, INC."
40.592008,-74.090757,NEW AMERIMEX ROOFING LLC
40.738169,-73.894126,J.F.K. CONSTRUCTION SERVICES CORP.
40.574976,-74.084395,UNITED LAND CONSTRUCTION INC.
40.746869,-73.993616,"FULL SCALE CONTRACTING, INC."
40.676328,-73.741073,LEE PLUS ONE INC.
40.682951,-73.818541,N&J HOME IMPROVEMENT CORP.
40.576706,-73.993445,H & Y 1 INC
40.592989,-73.979062,ZHAO HUAN XU
40.769045,-73.915233,TWO-TONE GROUP CORP.
40.761614,-74.00022,"DUBLIN DEMOLITION AND CARTING, INC."
40.592447,-73.989295,B & L CONSTRUCTION AND REMOVAL CORP.
40.766271,-73.905345,ARTE TILE AND MASONARY INC.
40.637807,-74.145648,"THOMAS F. CORBETT ASSOCIATES, LLC"
40.604832,-74.141971,STAR CONCRETE WASHOUT LLC
40.638888,-73.894979,DRAGONETTI BROTHERS LANDSCAPE NURSERY & FLORIST INC.
40.722416,-73.937858,"COMPASS CONSTRUCTION OF NEW YORK CO., INC."
40.718496,-73.991486,HERMAN TRUCKING LLC
40.707469,-73.875679,KNS BUILDING RESTORATION INC.
40.579517,-73.95693,VOLODYMYR VASYLENKO
40.617174,-74.143218,HYW BROTHERS INC.
40.60575,-74.092652,VAN ALPHEN BROTHERS INCORPORATED
40.696033,-73.899664,CONWOOD CORP.
40.766059,-73.787448,RENO GENERAL CONSTRUCTION CORPORATION
40.550168,-74.230954,MORREALE ASPHALT PAVING CORP.
40.802193,-73.93627,KAY WATERPROOFING CORP.
40.751378,-73.786607,A1 JUNK EXPRESS LLC
40.716819,-74.002013,FIRST STANDARD CONSTRUCTION INC.
40.784122,-73.848287,CASA RECYCLING INC.
40.758434,-73.811011,W & Z GARBAGE ROMOVAL INC.
40.861235,-73.846387,BD CONSTRUCTION & BUILDERS INC.
40.790162,-73.811849,DIMAR SERVICES CORP.
40.827745,-73.876126,YUPA CONSTRUCTION CORP.
40.747044,-73.987123,TMG CONSTRUCTION CORP
40.728469,-73.94496,"EUROSTRUCT, INC."
40.676959,-74.016624,STROYBAT INC.
40.582862,-73.987364,D.A.J. ENTERPRISES LLC
40.6677,-73.983242,DINEEN CONSTRUCTION CORP.
40.757437,-73.940384,MANHATTAN INTERIOR CONTRACTING CO. INC.
40.588285,-73.958347,AMS NY CONTRACTOR INC.
40.779429,-73.848807,"THE FRANKLIN COMPANY CONTRACTORS, INC."
40.708683,-73.871366,CASTLE SANITATION CORPORATION
40.7183,-73.930571,THE BROOKLYN UNION GAS COMPANY
40.777552,-73.838932,ALASIA WASTE REMOVAL INC.
40.551052,-74.23235,CAPRI LANDSCAPING INC.
40.720733,-73.997388,"FORKOSH CONSTRUCTION CO., INC."
40.606232,-73.974553,AMJAD ALI
40.633967,-74.1244,"ULTRA GENERAL CONTRACTING, INC."
40.689845,-73.979068,SQUARE INDIGO INC.
40.70918,-73.923515,ADAM'S EUROPEAN CONTRACTING INC.
40.64155,-73.938697,DAWN GENERAL CONTRACTOR INC.
40.755247,-73.900527,NYC MAINMAN CORP.
40.668406,-73.923226,TOP NOTCH CLEANUP CORP.
40.624432,-73.911576,ACD QUALITY CORP
40.633952,-74.148136,"DE-BAR CONTRACTING CO., INC."
40.676204,-73.937382,"BROOK LANDSCAPE, INC."
40.868317,-73.848995,KARM CONSTRUCTION INCORPORATED
40.7018,-73.820433,PRESTO GENERAL CONTRACTOR CORP
40.599546,-73.99444,SALIK CONSTRUCTION CO. INC
40.771853,-73.847965,"NEPTUNE MECHANICAL, INC."
40.727187,-73.90032,D.P. PAVING & CONCRETE INC
40.52613,-74.167034,A & M DEMOLITION CORP.
40.689977,-73.810938,YASH & B CONSTRUCTION CORP.
40.62404,-74.003552,"T.Z. BROTHERS GENERAL CONTRACTORS, INC."
40.753691,-73.739429,JES REMOVAL INC
40.802314,-73.914742,STANDARD WATERPROOFING CORP.
40.708016,-73.908064,EVERLAST SOLUTIONS CORP.
40.649834,-74.018181,LADY LIBERTY CONTRACTING CORP.
40.722342,-73.877051,LEVEL GROUND OF NY INC
40.87565,-73.845627,SURE SHOT CONSTRUCTION LLC
40.637324,-73.745641,PHANTOM CARTING INC.
40.694311,-73.95422,APM SERVICES GROUP CORP
40.790149,-73.821354,NU IMAGE CONTRACTING LLC
40.628681,-73.987975,MIST ENTERPRISE INC.
40.630849,-73.969802,FOSTER CONTRACTING INC.
40.719695,-73.946793,3 L. BROS. CORP.
40.61914,-73.923704,CERTIFIED MANAGEMENT & MAINTENANCE CORP.
40.757567,-73.901798,"ASTOR INDUSTRIES, CORP."
40.717068,-73.878381,"ROBART CONSTRUCTION, INC."
40.807629,-73.871471,GIRANDOLA & SHUTKIND CONSTRUCTION CORP.
40.539062,-74.241626,PAUL TOTH EXCAVATION INC.
40.628803,-74.166473,"CHEZ BRO'S, CORP."
40.646307,-73.977968,YU HUA CONSTRUCTION CORP.
40.671884,-73.887101,BERTIE GRIFFITH
40.734977,-73.794598,"ALVIN PETROLEUM SYSTEMS, INC."
40.82927,-73.844094,"CASTLE HILL LANDSCAPING SUPPLIES, INC."
40.807499,-73.883681,"JOHN DANNA & SONS, INC."
40.729186,-73.889013,A.L.D. MANAGEMENT SERVICES INC.
40.736382,-73.939469,TORNADO CARTING CORP
40.567766,-74.104452,C-T INTERIOR RENOVATIONS INC.
40.80693,-73.888349,"BLACKRIDGE CONSTRUCTION, LLC."
40.771246,-73.903803,ROSENWACH TANK CO. LLC
40.859476,-73.83436,DATA WATERPROOFING INC.
40.590654,-73.984831,HIGH POINT CONSTRUCTION GROUP CORP.
40.725388,-73.986911,DG CONTRACTORS INC.
40.610376,-74.138287,L&C CONSTRUCTION WASTE MANAGEMENT INC
40.719109,-73.913157,WORLD CLASS CONTRACTING GROUP INC.
40.665182,-73.772566,NY SKY HIGH CONSTRUCTION CORP.
40.732704,-73.950542,"PEDROL CONTRACTING, INC."
40.58885,-73.814166,QUICK CONTAINERS INC.
40.739851,-73.928831,TPG CONTRACTING CORP.
40.743124,-73.918478,MULROY CORP.
40.638943,-73.742933,ALMAR SUPPLIES INC.
40.635674,-74.149574,COLINS GENERAL CONSTRUCTION LLC
40.6798,-73.814962,S & S GENERAL CONSTRUCTION INC.
40.714299,-73.761158,"LUIGI MASONRY WORKS & HOME IMPROVEMENT, INC."
40.649409,-73.911201,"SAL DONA, INC."
40.623455,-74.131124,J. MANGONE CONSTRUCTION CORP.
40.730588,-73.734284,D.J. DEMA PAINTING CORP.
40.719557,-73.922861,SAFEWAY SOLUTIONS CORP.
40.710165,-73.852975,"ZHE JIANG SHUN FA, LLC"
40.589818,-74.155045,LI HIN CORP
40.737583,-73.734747,"MARK CONTRACTING NY, INC"
40.647431,-73.971164,"SASCO BUILDERS, INC."
40.632202,-73.970403,ADVANCE BUILDERS INC.
40.669153,-73.799978,ROANA LOGISTICS LLC
40.787686,-73.94923,"ULEPV, CORP."
40.599774,-73.996053,YALI YASI INC
40.74714,-73.83107,"ANFLO CONSTRUCTION, LLC"
40.615582,-74.119662,"SARCONE MASONRY, INC."
40.676204,-73.985998,"KNOCKOUT CONSTRUCTION, INC."
40.613701,-74.071125,WENKANG XU
40.570275,-74.120524,"J. CIOFFI TRUCKING, INC."
40.602542,-73.935953,ARCA CONSTRUCTION CORP.
40.669277,-73.815463,"HONEY CONSTRUCTION NY, INC."
40.713689,-73.986484,WEI CONSTRUCTION INC.
40.843578,-73.832364,"JS CONCRETE & MASONRY, LLC"
40.69852,-73.805573,PRO CONCRETE CONTRACTORS CORP.
40.743526,-73.893926,TERRA CONSTRUCT CORP.
40.623455,-74.131124,TRI-BRO ENTERPRISES LLC
40.562283,-74.178965,"JULIA ROSE TRANSPORT, INC."
40.75496,-73.862286,L & L 888 SERVICE INC
40.785495,-73.838491,"SHARAN BUILDERS, INC."
40.608601,-74.140005,"PAUL GAGLIO, GENERAL CONTRACTORS, INC."
40.617184,-74.005374,CHASE LANDSCAPE CONSTRUCTION INC.
40.536731,-74.239348,TLEEF INDUSTRIES CORP.
40.738369,-73.89694,QUICKTRASHERS INC.
40.724343,-73.769817,ORIEL PLUMBING & SEWER CORP.
40.811213,-73.883718,S & Z CONSTRUCTION CORP.
40.615369,-73.905026,FALCO CONSTRUCTION CORP.
40.728628,-73.803916,SHUN FENG GAO INC
40.731139,-73.788123,NEW POWER WASTE SERVICE INC.
40.701869,-73.737908,"ARSENAL INDUSTRIES, LLC"
40.742842,-73.711067,RELY ON TRUCKING INC
40.670658,-74.00013,DUTCHESS EQUIPMENT LEASING INC.
40.660562,-73.997935,"H.L. GENERAL CONTRACTORS, INC."
40.681138,-73.86772,TWO BROTHERS IRON WORK CORP
40.855224,-73.889161,"BEST NY CONTRACTING, INC."
40.638666,-74.129774,J. MOLFINO MASONRY INC
40.781675,-73.827292,"CANBERT, INC."
40.659054,-73.767757,CARELLI CONSTRUCTION CORP
40.604516,-74.009115,OMEGA STUCCO CORP
40.635161,-74.156094,AZTECA CONSTRUCTION CORP.
40.734788,-73.897855,L2 WASTE INC.
40.532368,-74.161588,"DITTA MALITO CONTRACTING, INC."
40.562306,-74.111037,LIBERTY WS INC
40.599579,-74.129972,UNIVERSAL MASONRY CORP.
40.87046,-73.886782,G.D.L.L. CONSTRUCTION CORP.
40.743031,-73.705476,"J M R CONSTRUCTION COMPANY, INC."
40.627188,-73.927773,NICOROB CORPORATION
40.627665,-74.14051,ROCCO'S LANDSCAPING AND CONCRETE SERVICE LLC
40.727755,-73.882529,LUCKY STAR 888 INC.
40.847753,-73.842355,"BOND CIVIL & UTILITY CONSTRUCTION, INC."
40.589501,-74.099543,ERY CONSTRUCTION INC.
40.736834,-73.937448,C.C.C. RENOVATION INC.
40.688517,-73.873763,LO SARDO GENERAL CONTRACTORS INC.
40.636189,-74.02516,EDDIE FLORES MASONRY LLC
40.669227,-73.798571,GOODWILL MASON INC
40.702036,-73.955809,STAR RUBBISH REMOVAL LLC
40.59795,-74.073113,PERFECT RESTORATION INC
40.703004,-73.984098,ZEV ELECTRIC CORP.
40.754734,-73.798136,FASTER CONSTRUCTION NY CORP.
40.631868,-74.005109,"AIELLO LEASING CO., INC."
40.597883,-74.082015,V&V DEVELOPMENT CORP.
40.787497,-73.837374,FRANK MARANDO LANDSCAPE INC.
40.841062,-73.873358,EXPRESS PLUMBING SEWER & WATER MAIN CONTRACTING CORP.
40.674163,-73.729253,"DAVID'S CONSTRUCTION & HOME IMPROVEMENT, CORP."
40.63152,-74.166364,A.M. HAULERS LLC
40.584504,-74.100979,HUSIC INC.
40.601964,-73.948795,S & S CONTAINERS INC.
40.545079,-74.208225,A PLUS CONCRETE AND PAVERS GROUP LLC
40.713899,-73.910069,JC CONTRACTING MGMT LLC
40.572612,-74.113754,ACCORD ENTERPRISE CORP.
40.657581,-73.923959,"MAX SERVICE NYC, INC."
40.695445,-73.797086,BARCELONA CONTRACTING CORP.
40.6306,-73.919462,GGN CO. INC.
40.626666,-74.161842,"MEZZACAPPA CONCRETE CONTRACTING, INC."
40.700057,-73.890454,RYAN'S WASTE SERVICE CORP.
40.610208,-73.952423,JUNKHUB INC
40.809229,-73.892749,MAYRICH EQUIPMENT CORP.
40.726692,-73.938954,JERRICK ASSOCIATES INC.
40.593808,-74.187104,ALFONSO'S HOME IMPROVEMENT AND CONTRACTORS INC.
40.632769,-74.148508,LOFFRENO LANDSCAPE CONTRACTING CORP.
40.727112,-73.942865,NADA NYC CORP
40.724544,-73.92963,"VALI INDUSTRIES, INC."
40.829127,-73.878331,CARLOS ARMANDO QUIZHIP CHIMA
40.700251,-73.915032,ESCUDERO ENTERPRISE CORP
40.621058,-74.0736,CHICO'S CLEANUP INC.
40.785579,-73.835789,LCH SERVICE INC.
40.726875,-73.898311,ROBA RENOVATION CORP
40.71469,-73.749123,BAY RESTORATION CORP.
40.632699,-73.901348,SALAB CONSTRUCTION CORP.
40.607635,-73.910115,S & SHILAT CLEANING INC.
40.757387,-73.860238,R&G 2020 SERVICES CORP
40.62855,-73.976724,BIG A CONSTRUCTION GROUP INC.
40.669624,-73.826363,DANA CONTRACTING INC.
40.757168,-73.79296,SARV ENTERPRISE CORP.
40.578735,-73.966193,ALAN LANDSMAN
40.610464,-73.749684,KEL-TECH CONSTRUCTION INC.
40.754262,-73.82689,N. AN SHUN CONSTRUCTION INC
40.718221,-73.911928,PLANET WASTE SERVICES LLC
40.693731,-73.807459,SUS  ENTERPRISES  INC.
40.779475,-73.901163,ABC CONSTRUCTION CONTRACTING INC
40.664708,-73.813998,SONU CONSTRUCTION CORP.
40.701505,-73.907821,LOJA JR CONSTRUCTION CORP
40.626814,-73.946582,BTA BUILDING & DEVELOPING INC.
40.716726,-73.913149,ABANNO WATERPROOFING INC
40.740149,-73.954896,C.A.C. INDUSTRIES INC.
40.616313,-74.149152,PANACEA CONTRACTING CORP.
40.709349,-73.922396,MAVEN CONSTRUCTION CORP.
40.683548,-73.824791,BARROS CONSTRUCTION CORP.
40.789049,-73.812871,GUS POOLS INC.
40.600857,-74.081338,PARTNER4U CORPORATION
40.873364,-73.856552,TOOR CONSTRUCTION & PAINTING CORP
40.578509,-73.963767,"MITTAL CONSTRUCTION, INC."
40.609761,-74.013614,J & R EXPRESS MOVING CORP.
40.59627,-73.942127,HUI LUNG INC
40.720068,-73.901673,"G. FAZIO CONSTRUCTION CO., INC."
40.606578,-74.16658,CAG CONSTRUCTION CORP.
40.762183,-73.79337,TOR CONCRETE LLC
40.650804,-74.013694,"TREDENT CONTRACTING SERVICES, INC."
40.74149,-73.914138,METROPOLITAN CONSTRUCTION & MAINTENANCE CORP.
40.686926,-73.924777,AHTRAM SERVICES CORPORATION
40.682721,-73.841242,"N. Y. AMERICAN EMERGENCY SERVICE, LLC"
40.869211,-73.858564,UNIQUE1 CONSTRUCTION INC
40.651727,-73.827884,FRIENDY 8 INC.
40.727493,-73.739813,G.S AND SON'S TRUCKING INC.
40.716074,-73.911094,"EXPEDITE TRUCKING & CONTAINER SERVICES, LLC."
40.748164,-73.973441,SETANTA INC
40.569574,-74.123982,E.B.C. MASONRY CONTRACTOR & SPRINKLER CORP.
40.749599,-73.908537,W.B. MAINTENANCE & REPAIR CORP.
40.701855,-73.82206,"JOSEPH L. BALKAN, INC."
40.731105,-73.92354,MASPETH REMODELING CO. INC.
40.765724,-73.892382,"JUDLAU CONTRACTING, INC."
40.575825,-74.130354,"COLGATE MAINTENANCE, CORP."
40.587754,-73.956338,SERGEY KOCHNEV
40.835987,-73.844316,TRANSCITY W&S LLC
40.795791,-73.813137,VELEZ FREIGHT LLC
40.692961,-73.844337,MJ DESIGN NY INC
40.570314,-74.120553,VIN LIA INC.
40.576509,-74.132818,"MAC CONTRACTING OF SI, INC."
40.640141,-73.955291,TORRE ALTA CONTRACTING INC.
40.750548,-73.907132,MAGNUS GS INC
40.542139,-74.145569,TONY'S MASONRY GROUP LLC
40.756241,-73.828632,ZHE JIANG FANG DA INC.
40.6138,-73.903277,JPL SITE CONTRACTORS LLC
40.675639,-73.898346,"HARRIS WATER MAIN & SEWER CONTRACTORS, INC."
40.754383,-73.922748,AQUILINO TENECELA
40.592072,-74.0973,MOSCATO HOME IMPROVEMENTS LLC
40.698693,-73.933163,APPLE RESTORATION & WATERPROOFING INC.
40.791512,-73.806883,ARTHUR DIBIASE
40.731512,-73.924571,EL SOL CONTRACTING AND CONSTRUCTION CORPORATION
40.762639,-73.915201,HOME TECH GROUP DC INC
40.593473,-74.091901,"BENNY'S MASONRY, INC."
40.61504,-74.179452,ALL SAINTS ENTERPRISES LLC
40.801777,-73.915567,MARLANDE HEATING CORP.
40.686668,-73.843201,"TRINCHESE CONSTRUCTION, INC."
40.696058,-73.902289,M J R TRUCKING CORP.
40.658516,-73.935968,"CONSTRUCTION SITE SOLUTIONS, INC."
40.740458,-73.828153,C&D CARTING LLC
40.770508,-73.931806,JETCO CONSTRUCTION CORP.
40.711016,-73.879052,ACON CONSTRUCTION/REN CORP.
40.677147,-73.792999,GR BROTHERS TRUCKING INC.
40.671649,-73.779649,PERALTAS SERVICE GROUP CORP.
40.604041,-74.011005,"PUZA CONSTRUCTION, INC."
40.694666,-73.818325,VCASA CONSTRUCTION INC
40.727441,-73.849019,RDDNY DESIGN BUILD CORP.
40.685136,-73.804996,D FREEMAN TRUCKING INC.
40.776248,-73.795218,GOLDEN TIGER CONSTRUCTION INC
40.752892,-73.930362,"CGNY RENOVATIONS, INC."
40.546437,-74.231427,PRESTIGE PLUMBING & HEATING INC.
40.755628,-73.805583,"WENZHOU DILIGENT GUY, INC."
40.586026,-74.197134,NEW TWINS LANDSCAPING & CONSTRUCTION CORP
40.64362,-74.016929,MASTER REPAIR CONTRACTING CORP
40.813488,-73.895144,"CIVETTA COUSINS JV, LLC."
40.635445,-73.992834,BOLD SERVICES INCORPORATED
40.677334,-73.804416,GAGAN G.C. INC.
40.745956,-73.953012,E-J ELECTRIC INSTALLATION COMPANY
40.697073,-73.943738,HWL UNITED JUNK REMOVAL INC
40.718871,-73.763285,V.J. & SONS INC.
40.756506,-73.826007,YUAN YANG CONSTRUCTION INC
40.740302,-73.952485,ALL FORCE CONTRACTING CORP
40.60239,-73.951967,"PINTO'S GENERAL CONTRACTORS, LLC"
40.654298,-73.899016,"RE-EARTH OF STROUDSBURG, INC."
40.659333,-74.000634,COLGATE RESTORATION CORP.
40.71461,-73.903109,JEPOL CONSTRUCTION INC.
40.645042,-74.019289,DJL BROOKLYN INC
40.813533,-73.88478,NEW V & B POWER CORP
40.810032,-73.892075,MELLIFONT CONSTRUCTION CORP.
40.628681,-73.987975,"GOLD INDUSTRIEZ, LLC"
40.548361,-74.231556,ROCK SOLID LANDSCAPE AND MASONRY DESIGN INC.
40.613019,-74.072471,CHALACO'S CORPORATION
40.696147,-73.859183,TONY LIN CONSTRUCTIONS INC.
40.596179,-73.980555,WE CLEAN NEW YORK RUBBISH REMOVAL INC
40.507784,-74.244595,"THE NEW MILLENIUM CONCRETE & PAVERS, INC."
40.66181,-73.946605,DEMO SHARK INC
40.759375,-73.939758,"BAYSIDE CONTRACTING, INC."
40.519177,-74.210749,ACCURATE CARTING CORP.
40.836549,-73.843795,METROPOLITAN SEWER INC.
40.588241,-74.153817,HONG HUI DEBRIS REMOVAL INC
40.597051,-74.097408,BOVILLE ENTERPRISES LLC
40.68749,-73.846141,"BLUEPRINT NY CONSTRUCTION GROUP, INC."
40.802034,-73.935884,ASA INTERIOR RENOVATIONS CORP.
40.736264,-73.951142,TRI STATE DISMANTLING CORP.
40.723666,-73.891357,MASPETH GENERAL CONTRACTING CORP.
40.665942,-73.993476,ACO-DEL GROUP COMPANY INC
40.702036,-73.955809,YC11211 INC
40.638403,-73.923996,"BROOKLYN TRUCKING INDUSTRIES, INC."
40.637533,-73.971608,"WEE DOO SERVICES, INC."
40.742307,-73.933112,"ALL CITY REMODELING, INC."
40.727076,-73.938063,"UPGRADE CONTRACTING CO., INC."
40.726343,-73.942736,ARTECH RENOVATION & CONSTRUCTION CORP.
40.717002,-73.883226,"E-Z TOUCH HOME IMPROVEMENTS & REMODELING, INC."
40.617597,-74.072836,BENJAMIN CONSTRUCTION CORP.
40.770506,-73.931788,ITM CONSTRUCTION CORP.
40.844208,-73.866529,LEGACY CARTING CORP.
40.590126,-74.07879,FRIENDS STRONG 8 INC.
40.678756,-73.817474,"RB & SON GENERAL CONTRACTORS, INC."
40.752251,-73.905379,CVM CONSTRUCTION CORP.
40.673372,-73.859952,WORLD CONTRACTING INC
40.718081,-73.914897,"CITY CONSTRUCTION, INC."
40.668479,-73.810877,MULTANI CONSTRUCTION USA CORP
40.771978,-73.894029,RUMIA CONTRACTING CORP
40.850682,-73.937528,MW CONSTRUCTION INC.
40.807622,-73.911308,"EAST COAST PETROLEUM, INC."
40.766228,-73.874273,AGT RENOVATION SERVICES CORP.
40.720339,-73.939999,M & A PROJECTS INC.
40.719216,-73.94452,TRINIDAD CONSTRUCTION CORP.
40.549315,-74.167282,"ALLIANCE TRI-STATE CONSTRUCTION, INC."
40.748203,-73.871925,GENIUS CONSTRUCTION CORP.
40.623011,-74.004633,DADE WRECKING DEMOLITION LLC
40.70362,-73.92927,TELL CAR TRUCKING CORP.
40.730298,-73.88711,PAWAR BUILDERS LLC
40.507341,-74.250164,JVA MASONRY INC.
40.731194,-73.957799,VICTORIA CONSULTING & DEVELOPMENT LLC
40.740597,-73.827514,COLARUSSO CONSTRUCTION CORP
40.699793,-73.902038,WS SOUTH CONSTRUCTION INC
40.818133,-73.928505,LEARDON BOILER WORKS INC.
40.762902,-73.832347,SUNLIGHT GENERAL CONTRACTOR INC.
40.595145,-74.165428,"SAM'S MASONRY, INC."
40.691007,-73.827231,UNITED CONTAINERS OF QUEENS INC.
40.527621,-74.239337,THE POOL DOCTOR CONTRACTORS INC.
40.570275,-74.120524,"J. BRUNO & SONS, INC."
40.7161,-73.964082,"WILLIAMSBURG GARDEN COMPANY, INC."
40.618006,-73.904168,A. VITALE & SON CONSTRUCTION CORP.
40.675129,-73.991651,"PLUMBING NYC, INC."
40.733189,-73.938559,NEW YORK PAVING INC.
40.638965,-74.167385,D M P SERVICES CORP
40.729697,-73.902341,IRISH MIST CORP.
40.680211,-73.821205,"PARAMOUNT PIPING, INC."
40.886944,-73.828244,WESTMORELAND CONSTRUCTION INC.
40.715318,-73.943467,"DOMINICK SIANO GENERAL CONTRACTING, INC."
40.676768,-73.805316,DEEP CONSTRUCTION INC
40.758068,-73.800537,US ONE CONSTRUCTION INC
40.608244,-73.999654,INTERBORO PROPERTY MANAGEMENT CORP.
40.735503,-73.917379,SOUTH FERRY DEVELOPMENT CORP.
40.649387,-74.015882,GOODALL ELECTRIC CORP.
40.703212,-73.98109,REDEMPTION MASONRY CONTRACTING CORP.
40.619305,-73.933232,ABSOLUTE WASTE SERVICES LLC
40.823168,-73.880257,DMP LEASING CORP.
40.586436,-73.91976,NBJ CONTRACTING INC
40.527723,-74.211337,SAGONA LANDSCAPING LTD.
40.672283,-73.800639,EAGLE VISION CONSTRUCTION INC
40.546247,-74.182941,EV MASONRY LLC
40.640506,-73.986405,BONAFIDE BUILDERS INC.
40.669275,-73.815467,ALL ZONE CONSTRUCTION INC.
40.703187,-73.793117,THOMAS NOVELLI CONTRACTING CORP.
40.779022,-73.897148,VERTEX RESTORATION CORP.
40.737252,-73.934568,CYPRESS RESTORATION CORP.
40.728595,-73.720394,"EURO CONCRETE & CONSTRUCTION, INC."
40.631717,-74.004857,"V.N.A. UTILITY CONTRACTING CO., INC."
40.704893,-73.861874,"MARK ALKE GENERAL CONTRACTING, INC."
40.774784,-73.896996,"MARIC MECHANICAL, INC."
40.625512,-74.000757,ALLSTATE 12 CORP.
40.523388,-74.202421,JEFFERY BARATTA
40.625748,-74.174131,ABCO MAINTENANCE INC.
40.617383,-74.073362,HAULERS INC. NY
40.655004,-73.831004,SP HAULER INCORPORATED
40.75342,-73.937829,CENTRAL CONSTRUCTION MANAGEMENT LLC
40.758025,-73.942034,VEMA GROUP LLC
40.741137,-73.953477,"SATO CONSTRUCTION CO., INC."
40.867687,-73.856503,KEYSTONE CONTRACTING CORP.
40.690378,-73.863487,PASCO CONTRACTORS CORP.
40.806069,-73.911656,ROCKWAY FUEL OIL CORPORATION
40.603732,-73.938638,S & S CARTING INC
40.86606,-73.85476,"ATLAS CONSTRUCTION USA, CORP."
40.584896,-73.987234,SHAO WEN CHEN TRADE WASTE
40.682634,-73.828057,KBA HOME IMPROVEMENT INC
40.580487,-74.108878,"M. DE VITO LANDSC. & GARDEN, INC."
40.763658,-73.938379,LEMODE PLUMBING & HEATING CORP.
40.674286,-74.001269,"ON SITE DEMOLITION & TRUCKING, CORP."
40.533888,-74.236294,"A.V. MASONRY, INC."
40.608506,-73.817926,"J. HOYLER CONSTRUCTION, INC."
40.693209,-73.794251,ADONAI CONSTRUCTION CORP.
40.579981,-74.006847,GEORGE DEMOLITION & CONTRACTING INC.
40.772934,-73.847901,NOTIAS CONSTRUCTION INC.
40.677531,-73.822759,ROYCE THE CHOICE CONSTRUCTION & DEBRIS REMOVAL LLC
40.643862,-73.980689,DWIP CORP.
40.627879,-74.154186,CML TAPING & PAINTING CORP.
40.752056,-73.986151,C & M GENERAL CONTRACTING INC.
40.728628,-73.803916,DING FENG LIN CONSTRUCTION LLC
40.674328,-73.843212,TONAR CONSTRUCTION CORP.
40.831531,-73.922196,7TH STAR RENOVATION INC.
40.712065,-73.89591,SATEL DISPOSAL LLC
40.603988,-74.017239,"G&J TRUCKING, INC."
40.619054,-73.982361,JAMJ CONSTRUCTION CORP.
40.789807,-73.825635,"SAL D'AMICO CONSTRUCTION, INC."
40.789087,-73.812708,ALL STATE 12 GENERAL CONTRACTING CORP.
40.620974,-73.933216,RELIABLE GENERAL CONTRACTORS INC.
40.688073,-73.806959,LENNY'S REMOVAL INC.
40.687916,-73.809794,SANYO S CONSTRUCTION CORP.
40.643679,-73.99133,"BALICO GENERAL CONTRACTING, INC."
40.72449,-73.908738,INTER RENOVATION INC
40.654765,-74.012747,PERFETTO CONTRACTING CO. INC.
40.623738,-73.974431,NY PRIME GROUP LLC
40.599922,-74.194291,RR PLUMBING SERVICES CORP.
40.879117,-73.852703,THE PUMA HOME REPAIR AND PAINTING CORP.
40.896822,-73.867993,"PRECISE CONSTRUCTION CONTRACTING, INC."
40.762282,-73.841955,TULLY CONSTRUCTION CO. INC.
40.778201,-73.896843,MESSINA ASPHALT CORP.
40.808961,-73.950428,MAMAIS CONTRACTING CORP.
40.623192,-73.992277,"LUISI BUILDING MATERIALS CO., INC."
40.782976,-73.838641,BRD DEVELOPMENT CORP.
40.700074,-73.83574,"KM CONTRACTORS, INC"
40.776534,-73.840545,WEN JIE LI
40.554045,-74.135285,TFT CONTRACTING LLC
40.592549,-73.973866,DE LA CRUZ HANDYMAN CORP.
40.69852,-73.805573,ATLAS ROLL-OFF CORP.
40.715714,-73.741334,CODY CONSTRUCTION CORP.
40.770395,-73.752841,"CLEAN-UP SERVICE, INC."
40.656276,-73.894306,D.B.  DEMOLITION INC.
40.682558,-73.854799,ZAMAN CONSTRUCTION CORP.
40.843548,-73.856945,"A & G PLASTERING AND TILE, CORP."
40.832828,-73.887301,JGS RENOVATIONS INC.
40.76758,-73.911982,MOTSIOS CONSTRUCTION CORP.
40.610455,-74.145412,MATERIALS NYC INC.
40.64647,-73.983456,"DAVID SHANNON FLORIST, INC."
40.596731,-74.092348,"R.C. MESITI ENTERPRISES, INC."
40.7304,-73.923804,SAFEWAY CONSTRUCTION ENTERPRISES LLC
40.608513,-73.99253,"GARCIA HOME IMPROVEMENT, CORP."
40.714247,-73.814827,B&M CARTING LTD
40.809229,-73.892749,MAYRICH CONSTRUCTION CORP.
40.601265,-74.194014,RICHMOND RECYCLING LLC
40.769325,-73.897358,DIONISOS CONSTRUCTION CORP
40.635096,-74.075986,"K.E.S. CONSTRUCTION CO., INC."
40.807571,-73.884656,INNERCITY RECYCLING INC.
40.666666,-73.884132,PRO CA-SA CONSTRUCTION CORP.
40.713843,-74.01379,"EMPIRE CITY SUBWAY COMPANY, LIMITED"
40.70799,-73.776903,SUPREME NY TRUCKING CORP.
40.6115,-74.13011,A S M CONSTRUCTION OF NY CORP.
40.876365,-73.836729,CITY & COUNTY PAVING CORP.
40.881716,-73.863828,"MAGENTA CONSTRUCTION SERVICES, INC."
40.643951,-74.097563,"NICOLAS CONSTRUCTION, CORP."
40.718106,-73.909064,"LEONE ENTERPRISE, INC."
40.720806,-73.92217,AGAR CONTRACTING INC.
40.708875,-73.870901,ANTHONY TRANCHINA GENERAL CONTRACTING CORP.
40.740149,-73.954896,CASTCAPA CONSTRUCTION LLC
40.629921,-74.127311,"E R DESIGN & CONSTRUCTION, INC."
40.743475,-73.854215,FIRST CLASS MANAGEMENT CONTRACTING CORP.
40.814752,-73.916793,JRR CONTRACTING INC.
40.594074,-73.927287,"BIG APPLE CHIMNEY, LLC"
40.610045,-73.99812,KING RUBBISH LTD.
40.74887,-73.872267,N Y C BEST REMODELING INC.
40.765837,-73.729754,SAFEWAY SERVICES CORP
40.734248,-73.719959,"US ABC CONSTRUCTION, CORP."
40.636907,-74.010316,PURPLE CAR RENOVATION INC.
40.733012,-73.802882,COSMOS WASTE MANAGEMENT INC.
40.537272,-74.182733,JET HAULING LLC
40.75927,-73.812319,Z ASSOCIATES RECYCLING INC.
40.764044,-73.885955,"ABC RESTORATION, INC."
40.707353,-73.800573,JM & SON ROLL OFF CORP
40.643629,-73.971238,JOSE M LOPEZ
40.719051,-73.949676,BREND RESTORATION LLC
