school_name,latitude,longitude
3K CENTER @ 1010 THIRD AVENUE - MANHATTAN,40.762278,-73.966071
3K CENTER @ 104-72 ROOSEVELT AVENUE - QUEENS,40.750445,-73.85966
3K CENTER @ 10 ELM STREET - STATEN ISLAND,40.641761,-74.114913
3K CENTER @ 129 VAN BRUNT STREET - BROOKLYN,40.68417,-74.00556
3K CENTER @ 1450 PLIMPTON AVENUE - BRONX,40.843998,-73.922008
3K CENTER @ 1972 BROADWAY - MANHATTAN,40.774373,-73.9822
3K CENTER @ 36-31 38 STREET - QUEENS,40.753292,-73.924684
3K CENTER @ 365 BAY STREET - STATEN ISLAND,40.633326,-74.075253
3K CENTER @ 403 EAST 65 STREET - MANHATTAN,40.763163,-73.958728
3K CENTER @ 48-18 VAN DAM STREET - QUEENS,40.740653,-73.934395
3K CENTER @ 841 FATHER CAPODANNO BOULEVARD - STATEN ISLAND,40.575493,-74.08351
3K CENTER @ 98-05 63 DRIVE - QUEENS,40.731041,-73.858586
ABRAHAM LINCOLN HS - BROOKLYN,40.581681,-73.967308
ACHIEVEMENT FIRST EAST NEW YORK CHARTER SCHOOL - K,40.683536,-73.87691
ADULT AND CONTINUING EDUCATION,40.681233,-73.949737
ALC - BROOKLYN CHOICES,40.702083,-73.929647
ALC-JANE ADDAMS HS,40.821675,-73.903546
ALFRED E. SMITH HS - X,40.818232,-73.919867
ALFRED E. SMITH HS - X,40.818232,-73.919867
ANNEX @ 57 CLEVELAND PLACE - STATEN ISLAND,40.602182,-74.068818
AUGUST MARTIN HS - QUEENS,40.675633,-73.783342
AUGUST MARTIN HS - QUEENS,40.675633,-73.783342
AVIATION HS - QUEENS,40.743509,-73.929076
AVIATION HS - QUEENS,40.743509,-73.929076
BACCALAUREATE SCL FOR GLOBAL ED-Q,40.755366,-73.927169
BARD COLLEGE HS - MANHATTAN,40.719029,-73.975891
BARD COLLEGE HS - MANHATTAN,40.719029,-73.975891
BAYSIDE HIGH SCHOOL - QUEENS,40.771755,-73.780296
BENJAMIN N. CARDOZO HS - QUEENS,40.752333,-73.75599
BENJAMIN N. CARDOZO HS - QUEENS,40.752333,-73.75599
BENJAMIN N. CARDOZO HS - QUEENS,40.752333,-73.75599
BERGTRAUM HS - MANHATTAN,40.711442,-74.000851
BERGTRAUM HS - MANHATTAN,40.711442,-74.000851
BERGTRAUM HS - MANHATTAN,40.711442,-74.000851
BERGTRAUM HS - MANHATTAN,40.711442,-74.000851
BERGTRAUM HS - MANHATTAN,40.711442,-74.000851
BERGTRAUM HS - MANHATTAN,40.711442,-74.000851
BOYS & GIRLS HS - BROOKLYN,40.67944,-73.932407
BOYS & GIRLS HS - BROOKLYN,40.67944,-73.932407
BOYS PREPARATORY CHARTER SCHOOL OF THE BRONX,40.818467,-73.868372
BRIGHTER CHOICE COMMUN SCHL - K,40.694086,-73.940744
BRIGHTER CHOICE COMMUN SCHL - K,40.694086,-73.940744
BRONX HS FOR THE VISUAL ARTS - BRONX,40.851285,-73.865184
BRONX INTERNATIONAL - BRONX,40.827642,-73.904473
BRONX INTERNATIONAL - BRONX,40.827642,-73.904473
BRONX INTERNATIONAL - BRONX,40.827642,-73.904473
BRONX INTERNATIONAL - BRONX,40.827642,-73.904473
BRONX LAB SCHOOL - BRONX,40.875953,-73.86197
BRONX LAB SCHOOL - BRONX,40.875953,-73.86197
BRONX LAB SCHOOL - BRONX,40.875953,-73.86197
BROOKLYN ACADEMY HS - BROOKLYN,40.685004,-73.947152
BROOKLYN COMMUNITY ARTS & MEDIA HIGH SCHOOL (BCAM),40.692642,-73.958794
BROOKLYN COMMUNITY HIGH SCHOOL FOR EXCELLENCE AND,40.633285,-73.916735
BROOKLYN HIGH SCHOOL FOR LAW AND TECHNOLOGY - K,40.688831,-73.920906
BROOKLYN HS OF THE ARTS - BROOKLYN,40.684504,-73.980678
BROOKLYN HS OF THE ARTS - BROOKLYN,40.684504,-73.980678
BROOKLYN INTERNATIONAL HS - K,40.697339,-73.985016
BROOKLYN LANDMARK ELEMENTARY SCHOOL,40.680318,-73.910644
BROOKLYN LANDMARK ELEMENTARY SCHOOL,40.680318,-73.910644
BROOKLYN TECH HS - K,40.688834,-73.976905
BROOKLYN TECH HS - K,40.688834,-73.976905
BROOKLYN TECH HS - K,40.688834,-73.976905
BROOKLYN TECH HS - K,40.688834,-73.976905
BROOKLYN TECH HS - K,40.688834,-73.976905
BUSHWICK LEADERS - K,40.695056,-73.92814
BX ENGINEERING & TECH ACADEMY - X,40.877105,-73.912256
CHANNEL VIEW SCL FOR RESEARCH - Q,40.586066,-73.822624
CHANNEL VIEW SCL FOR RESEARCH - Q,40.586066,-73.822624
CITY-AS-SCHOOL - MANHATTAN,40.729412,-74.006242
CITY-AS-SCHOOL - MANHATTAN,40.729412,-74.006242
CLARA BARTON HS - K,40.669567,-73.961962
COLLEGE POINT COLLABORATIVE - QUEENS,40.785327,-73.843749
CONCORD HS - R,40.610868,-74.087379
CONEY ISLAND #1 HEAD START,40.573588,-73.992855
CORNERSTONE ACADEMY FOR SOCIAL ACTION MIDDLE SCHOO,40.883025,-73.830366
COY L. COX SCHOOL,40.687257,-73.983579
CSI HS FOR INTERNATIONAL STUDIES - R,40.581315,-74.158589
CURIOUS YOUNG LEARNERS PRE-K CENTER,40.692032,-73.856091
CURTIS HS - STATEN ISLAND,40.644735,-74.081222
D75 SCHOOL @ 1514 72 STREET - BROOKLYN,40.619061,-74.000753
DEWITT CLINTON HS - X,40.882178,-73.88691
DISTRICT OFFICE #18 - BROOKLYN,40.643584,-73.903479
EAGLE ACADEMY FOR YOUNG MEN OF HARLEM,40.817372,-73.947712
EAST NEW YORK ELEMENTARY SCHOOL OF EXCELLENCE  -K,40.669387,-73.879614
EAST NEW YORK ELEMENTARY SCHOOL OF EXCELLENCE  -K,40.669387,-73.879614
EAST NY FAMILY ACADEMY - BROOKLYN,40.661319,-73.8863
EAST SIDE COMMUNITY SCHOOL,40.729589,-73.982555
EAST SIDE COMMUNITY SCHOOL,40.729589,-73.982555
EBC HS FOR PUB. SERV. - BUSHWICK-K,40.694507,-73.929107
EDUCATIONAL CAMPUS @ 2202 60 STREET - BROOKLYN,40.616479,-73.978093
EDUCATIONAL CAMPUS @ 500 19 STREET - BROOKLYN,40.656944,-73.983115
EDWARD R. MURROW HS - K,40.620525,-73.959285
ELM TREE ELEMENTARY SCHOOL,40.742167,-73.864109
E NY VOC HS OF TRANSIT TECH.-K,40.678276,-73.87596
EPIC HIGH SCHOOL - SOUTH,40.675771,-73.816938
FAIRMONT NEIGHBORHOOD SCHOOL,40.834157,-73.887512
FIORELLO LAGUARDIA HS - MANHATTAN,40.773629,-73.985273
FIORELLO LAGUARDIA HS - MANHATTAN,40.773629,-73.985273
FLUSHING HS - QUEENS,40.765166,-73.82789
FLUSHING HS - QUEENS,40.773675,-73.817441
FOREST HILLS HS - QUEENS,40.729402,-73.845637
FOREST HILLS HS - QUEENS,40.729402,-73.845637
FORT GREENE PREPARATORY ACADEMY - BROOKLYN,40.694633,-73.971165
FORT HAMILTON HS - K,40.627898,-74.039985
FORT HAMILTON HS - K,40.627898,-74.039985
FRANCIS LEWIS HS ANNEX - QUEENS,40.7405,-73.796851
FRANCIS LEWIS HS - QUEENS,40.740724,-73.79283
FRANCIS LEWIS HS - QUEENS,40.740724,-73.79283
FRANCIS LEWIS HS - QUEENS,40.740724,-73.79283
FRANKLIN D. ROOSEVELT HS - K,40.620446,-73.981795
FREDERICK DOUGLASS ACADEMY III SECONDARY SCHOOL,40.833511,-73.90449
GEORGE WASHINGTON CAMPUS YABC,40.855855,-73.92712
G MCCOWN EXPEDITIONARY LRNG SCL- R,40.581315,-74.158589
GRANT AVENUE ELEMENTARY SCHOOL,40.828696,-73.917668
GREGORIO LUPERON PREP. SCHOOL - M,40.838159,-73.938639
GROVER CLEVELAND HS - QUEENS,40.711033,-73.908814
GROVER CLEVELAND HS - QUEENS,40.711033,-73.908814
GROVER CLEVELAND HS - QUEENS,40.711033,-73.908814
G. WASHINGTON CARVER HS FOR SCI.-Q,40.668235,-73.756839
G. WASHINGTON CARVER HS FOR SCI.-Q,40.668235,-73.756839
HARLEM RENAISSANCE HS - M,40.807987,-73.940061
HARRY S. TRUMAN HS - X,40.874088,-73.833904
HARRY S. TRUMAN HS - X,40.874088,-73.833904
HEADQTRS 65 CNTRL ADMIN. - K,40.692012,-73.991227
HEALTH ARTS ROBOTICS AND TECHNOLOGY HS - Q,40.697819,-73.745728
HERBERT H. LEHMAN HS - X,40.840733,-73.838685
HERBERT H. LEHMAN HS - X,40.840733,-73.838685
HERBERT H. LEHMAN HS - X,40.840733,-73.838685
"HERO HIGH (HEALTH, EDUCATION, AND RESEARCH OCCUPAT",40.810803,-73.907015
"HERO HIGH (HEALTH, EDUCATION, AND RESEARCH OCCUPAT",40.810803,-73.907015
HIGHBRIDGE ADVISORY COUNCIL - BRONX,40.837232,-73.925706
HIGH SCHOOL FOR CIVIL RIGHTS - K,40.658428,-73.873063
HILLCREST HS - QUEENS,40.709079,-73.801856
HILLCREST HS - QUEENS,40.709079,-73.801856
HILLCREST HS - QUEENS,40.709079,-73.801856
HILLSIDE ACADEMY FOR ARTS AND LETTERS - Q,40.713218,-73.797237
HOLCOMBE L. RUCKER SCHOOLOF COMMUNITY RESEARCH - B,40.817512,-73.898212
H.S. @ 13-20 124 STREET - QUEENS,40.786356,-73.843876
H.S. @ 165-15 88 AVENUE - QUEENS,40.708691,-73.796674
H.S. @ 53-16 NORTHERN BOULEVARD - QUEENS,40.753192,-73.907839
H.S. 745 - BROOKLYN,40.658893,-73.942458
HS FOR ARTS & TECHNOLOGY - M,40.774351,-73.984753
HS FOR ARTS & TECHNOLOGY - M,40.774351,-73.984753
"HS FOR CONST.TRADES,ENGG.,& ARCH-Q",40.689591,-73.840717
HS FOR ENVIRONMENTAL STUDIES - M,40.767791,-73.987531
HS FOR HEALTH CAREER & SCIENCE - M,40.855855,-73.92712
HS FOR HEALTH CAREER & SCIENCE - M,40.855855,-73.92712
HS FOR HEALTH CAREER & SCIENCE - M,40.855855,-73.92712
HS FOR HEALTH CAREER & SCIENCE - M,40.855855,-73.92712
HS FOR HEALTH CAREER & SCIENCE - M,40.855855,-73.92712
HS FOR HEALTH CAREER & SCIENCE - M,40.855855,-73.92712
HS FOR HEALTH PROF & HUMAN SERV-M,40.732447,-73.983031
HS FOR HEALTH PROF & HUMAN SERV-M,40.732447,-73.983031
HS FOR HEALTH PROF & HUMAN SERV-M,40.732447,-73.983031
HS FOR INNOVATION IN AD - BKLYN,40.641474,-73.898254
HS FOR VIOLIN AND DANCE - BRONX,40.827642,-73.904473
HS OF BUSINESS - BRONX,40.840422,-73.91091
HS OF COMPUTERS & TECHNOLOGY - X,40.876341,-73.863195
HYDE LEADERSHIP CHARTER SCHOOL - X,40.815455,-73.88577
INNOVATION DIPLOMA PLUS,40.785803,-73.974614
INTERNATIONAL HIGH SCHOOL - K,40.594291,-73.98577
I.S. 109 - QUEENS,40.720713,-73.747001
I.S. 109 - QUEENS,40.720713,-73.747001
I.S. 10 - QUEENS,40.759363,-73.912902
I.S. 113 - BROOKLYN,40.688811,-73.971009
I.S. 117 - BRONX,40.848547,-73.908416
I.S. 118 - BRONX,40.848339,-73.89308
I.S. 119 - QUEENS,40.704406,-73.875183
I.S. 119 - QUEENS,40.704406,-73.875183
I.S. 119 - QUEENS,40.704406,-73.875183
I.S. 123 - BRONX,40.825403,-73.873666
I.S. 125 - QUEENS,40.741131,-73.918945
I.S. 126 - QUEENS,40.766264,-73.930709
I.S. 127 - BRONX,40.837931,-73.853524
I.S. 129 - BRONX,40.845878,-73.886184
I.S. 131 - BRONX,40.82346,-73.859647
I.S. 131 - BRONX,40.82346,-73.859647
I.S. 131 - MANHATTAN,40.716553,-73.993092
I.S. 141 - QUEENS,40.775589,-73.90509
I.S. 141 - QUEENS,40.775589,-73.90509
I.S. 143 - MANHATTAN,40.848908,-73.930948
I.S. 145 - QUEENS,40.754661,-73.887112
I.S. 151 - BRONX,40.823033,-73.921238
I.S. 162 - BROOKLYN,40.707229,-73.919805
I.S. 162 - BROOKLYN,40.707229,-73.919805
I.S. 171 - BROOKLYN,40.68618,-73.869625
I.S. 171 - BROOKLYN,40.68618,-73.869625
I.S. 181 - BRONX,40.875293,-73.83389
I.S. 201 - BROOKLYN,40.618676,-74.012722
I.S. 202 - QUEENS,40.67124,-73.845141
I.S. 202 - QUEENS,40.67124,-73.845141
I.S. 204 - QUEENS,40.757065,-73.932664
I.S. 204 - QUEENS,40.757065,-73.932664
I.S. 211 - BROOKLYN,40.643278,-73.896212
I.S. 217 - QUEENS,40.71003,-73.812508
I.S. 219 - BRONX,40.833511,-73.90449
I.S. 221 - BRONX,40.813785,-73.92032
I.S. 221 - BRONX,40.813785,-73.92032
I.S. 224 - MANHATTAN,40.785671,-73.942548
I.S. 227 - QUEENS,40.758408,-73.874472
I.S. 227 - QUEENS,40.758408,-73.874472
I.S. 227 - QUEENS,40.758408,-73.874472
I.S. 227 - QUEENS,40.758408,-73.874472
I.S. 228 - BROOKLYN,40.6013,-73.976953
I.S. 228 - BROOKLYN,40.6013,-73.976953
I.S. 22 - BRONX,40.833131,-73.914027
I.S. 234 - BROOKLYN,40.60422,-73.955485
I.S. 238 - QUEENS,40.713094,-73.780468
I.S. 239 - BROOKLYN,40.578188,-73.99203
I.S. 239 - BROOKLYN,40.578188,-73.99203
I.S. 241 - BRONX,40.839244,-73.901316
I.S. 241 - BRONX,40.839244,-73.901316
I.S. 246 - BROOKLYN,40.648608,-73.952821
I.S. 24 - STATEN ISLAND,40.546081,-74.14584
I.S. 255 - MANHATTAN,40.735751,-73.981655
I.S. 259 - BROOKLYN,40.62668,-74.01512
I.S. 265 - BROOKLYN,40.696324,-73.97578
I.S. 267 - BROOKLYN,40.68832,-73.932275
I.S. 278 - BROOKLYN,40.60665,-73.939176
I.S. 281 - BROOKLYN,40.595341,-73.993457
I.S. 281 - BROOKLYN,40.595341,-73.993457
I.S. 291 - BROOKLYN,40.695362,-73.915142
I.S. 291 - BROOKLYN,40.695362,-73.915142
I.S. 2 - BROOKLYN,40.656183,-73.951583
I.S. 2 - BROOKLYN,40.656183,-73.951583
I.S. 2 - STATEN ISLAND,40.576725,-74.100726
I.S. 301 - BRONX,40.822474,-73.907194
I.S. 302 - BRONX,40.815429,-73.902139
I.S. 303 - BRONX,40.849532,-73.916077
I.S. 303 - BROOKLYN,40.5825,-73.973122
I.S. 319 - MANHATTAN,40.839305,-73.936159
I.S. 324 - MANHATTAN,40.839305,-73.936159
I.S. 340 - BROOKLYN,40.676094,-73.97038
I.S. 340 - BROOKLYN,40.676094,-73.97038
I.S. 340 - BROOKLYN,40.676094,-73.97038
I.S. 348 - MANHATTAN,40.848925,-73.931028
I.S. 349 - BROOKLYN,40.70069,-73.927481
I.S. 35 - BROOKLYN,40.681904,-73.935895
I.S. 362 - MANHATTAN,40.810431,-73.955809
I.S. 391 - BRONX,40.854515,-73.896703
I.S. 391 - BRONX,40.854515,-73.896703
I.S. 394 - BROOKLYN,40.672762,-73.927973
I.S. 394 - BROOKLYN,40.672762,-73.927973
I.S. @ 4002 FORT HAMILTON PARKWAY - BROOKLYN,40.642614,-73.991338
I.S. @ 4002 FORT HAMILTON PARKWAY - BROOKLYN,40.642614,-73.991338
I.S. 419 - QUEENS,40.7599,-73.859211
I.S. 424 - BRONX,40.815455,-73.88577
I.S. 424 - BRONX,40.815455,-73.88577
I.S. 443 - BROOKLYN,40.660976,-73.988297
I.S. 447 - BRONX,40.854872,-73.903458
I.S. 448 - BROOKLYN,40.68007,-74.001377
I.S. 452,40.64726,-73.881114
I.S. @ 47-10 BARNETT AVENUE - QUEENS,40.750017,-73.915867
I.S. 492- BROOKLYN,40.686076,-73.945229
I.S. 49 - STATEN ISLAND,40.620347,-74.081643
I.S. 527 - BROOKLYN,40.694682,-73.988853
I.S. 528 - MANHATTAN,40.85051,-73.934485
I.S. 528 - MANHATTAN,40.85051,-73.934485
I.S. 529 - BRONX,40.884953,-73.840524
I.S. 529 - BRONX,40.884953,-73.840524
I.S. 529 - BRONX,40.884953,-73.840524
I.S. 53 - QUEENS,40.603622,-73.749097
I.S. 53 - QUEENS,40.603622,-73.749097
I.S. 54 - MANHATTAN,40.800119,-73.962837
I.S. 556 - BRONX,40.862109,-73.864577
I.S. 59 - QUEENS,40.68173,-73.753429
I.S. 59 - QUEENS,40.68173,-73.753429
I.S. 5 - QUEENS,40.737918,-73.887407
I.S. 62 - BROOKLYN,40.638686,-73.971651
I.S. 62 - BROOKLYN,40.638686,-73.971651
I.S. @ 6315 14 AVENUE - BROOKLYN,40.625671,-73.998253
I.S. @ 650 86 STREET - BROOKLYN,40.618851,-74.021875
I.S. 653 - BROOKLYN,40.681392,-73.973655
I.S. 68 - BROOKLYN,40.635553,-73.91079
I.S. 71 - BROOKLYN,40.703624,-73.953146
I.S. 72 - STATEN ISLAND,40.593005,-74.158988
I.S. 72 - STATEN ISLAND,40.593005,-74.158988
I.S. 73 - QUEENS,40.729215,-73.893624
I.S. 73 - QUEENS,40.729215,-73.893624
I.S. 73 - QUEENS,40.729215,-73.893624
I.S. 74 - QUEENS,40.745201,-73.767446
I.S. 74 - QUEENS,40.745201,-73.767446
I.S. 75 - STATEN ISLAND,40.54438,-74.197897
I.S. 75 - STATEN ISLAND,40.54438,-74.197897
I.S. 77 - QUEENS,40.699516,-73.90214
I.S. 78 - BROOKLYN,40.621224,-73.91287
I.S. 78 - BROOKLYN,40.621224,-73.91287
I.S. 839 - MANHATTAN,40.724435,-73.981521
I.S. 88 - BROOKLYN,40.660024,-73.987637
I.S. 93 - QUEENS,40.706041,-73.902584
I.S. 96 - BROOKLYN,40.60754,-73.984661
I.S. 98 - BRONX,40.8359,-73.890458
I.S. 98 - BROOKLYN,40.583125,-73.954037
IT TAKES A VILLAGE ACADEMY - K,40.648657,-73.922171
IT TAKES A VILLAGE ACADEMY - K,40.648657,-73.922171
IT TAKES A VILLAGE ACADEMY - K,40.648657,-73.922171
IT TAKES A VILLAGE ACADEMY - K,40.648657,-73.922171
JAMAICA GATEWAY TO THE SCIENCES - Q,40.713218,-73.797237
JAMES BALDWIN SCHOOL - MANHATTAN,40.742867,-74.002136
JAMES MADISON HS - BROOKLYN,40.609912,-73.948512
J.H.S. 158 - QUEENS,40.756139,-73.772862
J.H.S. 172 - QUEENS,40.741944,-73.712965
J.H.S. 189 - QUEENS,40.759844,-73.820548
J.H.S. 190 - QUEENS,40.722707,-73.851699
J.H.S. 190 - QUEENS,40.722707,-73.851699
J.H.S. 194 - QUEENS,40.78365,-73.807838
J.H.S. 194 - QUEENS,40.78365,-73.807838
J.H.S. 216 - QUEENS,40.737517,-73.794031
J.H.S. 216 - QUEENS,40.737517,-73.794031
J.H.S. 216 - QUEENS,40.737517,-73.794031
J.H.S. 216 - QUEENS,40.737517,-73.794031
J.H.S. 216 - QUEENS,40.737517,-73.794031
J.H.S. 237 - QUEENS,40.749545,-73.822073
J.H.S. 237 - QUEENS,40.749545,-73.822073
J.H.S. 25 - QUEENS,40.765133,-73.790083
J.H.S. 47 (SCH FOR THE DEAF) - M,40.738548,-73.982455
J.H.S. 47 (SCH FOR THE DEAF) - M,40.738548,-73.982455
J.H.S. 50 - BROOKLYN,40.711704,-73.960275
J.H.S. 50 - BROOKLYN,40.711704,-73.960275
J.H.S. 52 - MANHATTAN,40.866053,-73.924835
J.H.S. 67 - QUEENS,40.762708,-73.733694
J.H.S. 72 - QUEENS,40.673769,-73.775951
JILL CHAIFETZ TRANSFER HIGH SCHOOL - BRONX,40.819006,-73.905869
JOHN BOWNE HS ANNEX - QUEENS,40.739504,-73.823258
JOHN BOWNE HS - QUEENS,40.738139,-73.824944
JOHN DEWEY HS - BROOKLYN,40.589268,-73.981738
JOHN DEWEY HS - BROOKLYN,40.589268,-73.981738
JULIA RICHMAN H.S.,40.765359,-73.960059
K000 - BROOKLYN,40.619061,-74.000753
K036 SPED - BROOKLYN,40.660134,-73.887023
K140 SPED - BROOKLYN,40.681572,-73.945446
K368 SPED - BROOKLYN,40.697152,-73.946641
K368 SPED - BROOKLYN,40.697152,-73.946641
K370 SPED - BROOKLYN,40.57752,-73.969517
K371 SPED - BROOKLYN,40.654293,-74.005889
K372 SPED - BROOKLYN,40.676668,-73.985258
K372 SPED - BROOKLYN,40.676668,-73.985258
K373 SPED - BROOKLYN,40.648585,-73.957282
K373 SPED - BROOKLYN,40.698869,-73.945042
K396 SPED - BROOKLYN,40.668475,-73.912351
K721 SPED - BROOKLYN,40.589317,-73.98131
K721 SPED - BROOKLYN,40.589317,-73.98131
K721 SPED - BROOKLYN,40.589317,-73.98131
K721 SPED - BROOKLYN,40.589317,-73.98131
K811 SPED - BROOKLYN,40.591109,-73.9391
LONG ISLAND CITY HS - Q,40.765826,-73.9328
LONG ISLAND CITY HS - Q,40.765826,-73.9328
LONGWOOD PREPARATORY ACADEMY,40.817512,-73.898212
LOWER EAST SIDE PREP HS - M,40.720581,-73.985645
LOWER EAST SIDE PREP HS - M,40.720581,-73.985645
LOWER MANHATTAN ARTS - MANHATTAN,40.717349,-73.989596
LYONS COMMUNITY SCHOOL - K,40.709941,-73.943641
M079 SPED - MANHATTAN,40.802419,-73.942634
M079 SPED - MANHATTAN,40.802419,-73.942634
M094 SPED - MANHATTAN,40.739178,-73.9955
M169 SPED - MANHATTAN,40.781227,-73.955673
M169 SPED - MANHATTAN,40.781227,-73.955673
M811 SPED - MANHATTAN,40.786611,-73.97951
M811 SPED - MANHATTAN,40.786611,-73.97951
MANHATTAN BRIDGES - MANHATTAN,40.765234,-73.993076
MANHTN CT FOR MATH & SCI. HS - M,40.793856,-73.934028
MANHTN CT FOR MATH & SCI. HS - M,40.793856,-73.934028
MARTIN VAN BUREN HS - QUEENS,40.733066,-73.738756
"MATH, SCI., RESEARCH & TECH. HS-Q",40.697819,-73.745728
"MATH, SCI., RESEARCH & TECH. HS-Q",40.697819,-73.745728
MEDGAR EVERS COLLEGE PREP SCHOOL ANNEX - BROOKLYN,40.667195,-73.951167
METROPOLITAN HS - BRONX,40.827315,-73.897612
MIDDLE COLLEGE HIGH SCHOOL - QUEENS,40.744412,-73.93364
MIDWOOD HS - BROOKLYN,40.633237,-73.952929
MIDWOOD HS - BROOKLYN,40.633237,-73.952929
MILLENNIUM HS - MANHATTAN,40.704541,-74.011552
MILLENNIUM HS - MANHATTAN,40.704541,-74.011552
"MINIVENTURES OF NY, INC.- SITE #4 - BRONX",40.866931,-73.884217
MNHT COMPR. NIGHT & DAY HS - M,40.732716,-73.984665
MONROE ACAD FOR VISUAL ARTS - X,40.831601,-73.878912
M.S. 137 - QUEENS,40.6781,-73.839948
M.S. 137 - QUEENS,40.6781,-73.839948
M.S. 137 - QUEENS,40.6781,-73.839948
M.S. 282 - QUEENS,40.60201,-73.762795
M.S. 282 - QUEENS,40.60201,-73.762795
M.S. 282 - QUEENS,40.60201,-73.762795
M.S./H.S. 342 - BRONX,40.870293,-73.898309
MURRAY HILL ACADEMY HS - M,40.746176,-73.981241
NAPLES STREET ELEMENTARY SCHOOL - R,40.60223,-74.091355
NEVINS DAY CARE CENTER,40.686296,-73.983223
NEW BRIDGES,40.669001,-73.934635
NEW BRIDGES,40.66967,-73.93383
NEWCOMERS HIGH SCHOOL - Q,40.751356,-73.937445
NEWCOMERS HIGH SCHOOL - Q,40.751356,-73.937445
NEW DESIGN MIDDLE SCHOOL - MANHATTAN,40.819267,-73.957104
NEW DORP HS - STATEN ISLAND,40.569393,-74.107737
NEW DORP HS - STATEN ISLAND,40.569393,-74.107737
NEW DORP HS - STATEN ISLAND,40.569393,-74.107737
NEW EXPLORATIONS - M,40.718895,-73.979308
NEW MILLENNIUM BRONX ACADEMY OF THE ARTS - BRONX,40.827941,-73.914374
NEWTOWN HS - QUEENS,40.741122,-73.874721
NEWTOWN HS - QUEENS,40.741122,-73.874721
NEWTOWN HS - QUEENS,40.741122,-73.874721
PARK EAST HS - MANHATTAN,40.790543,-73.944356
PERFORMING ARTS AND TECH. HS - K,40.667456,-73.894747
PERFORMING ARTS AND TECH. HS - K,40.667456,-73.894747
PORT RICHMOND HS - R,40.634573,-74.141818
PORT RICHMOND HS - R,40.633704,-74.142364
PRE-K CENTER @ 98-22 55 AVENUE - QUEENS,40.739192,-73.862261
PROGRESS HS - K,40.712184,-73.939722
P.S. 078 - STATEN ISLAND,40.622293,-74.078425
P.S. 078 - STATEN ISLAND,40.622293,-74.078425
P.S. 100 - BROOKLYN,40.57732,-73.971313
P.S. 100 - BROOKLYN,40.57732,-73.971313
P.S. @ 101-11 104 STREET - QUEENS,40.685929,-73.838894
P.S. @ 101-11 104 STREET - QUEENS,40.685929,-73.838894
P.S. 101 - BROOKLYN,40.597133,-73.991614
P.S. 101 - QUEENS,40.715585,-73.843898
P.S. 102 - BROOKLYN,40.63402,-74.029036
P.S. 102 - MANHATTAN,40.794869,-73.938711
P.S. 102 - QUEENS,40.733514,-73.877857
P.S. 104 - BROOKLYN,40.618415,-74.028842
P.S. 104 - QUEENS,40.608467,-73.764548
P.S. 105 - BRONX,40.852398,-73.866617
P.S. 105 - BROOKLYN,40.632936,-74.00374
P.S. 105 - QUEENS,40.595768,-73.781873
P.S. 106 - BROOKLYN,40.693879,-73.913056
P.S. 107 - BRONX,40.818467,-73.868372
P.S. 107 - QUEENS,40.756013,-73.799706
P.S. 108 - BRONX,40.854726,-73.853227
P.S. 108 - MANHATTAN,40.795146,-73.948368
P.S. 108 - QUEENS,40.679584,-73.831547
P.S. 108 - QUEENS,40.679584,-73.831547
P.S. 109 - BRONX,40.851414,-73.918533
P.S. 109 - BROOKLYN,40.636455,-73.933582
P.S. 109 - BROOKLYN,40.636455,-73.933582
P.S. 10 - BROOKLYN,40.661061,-73.986534
P.S. 110 - BRONX,40.835286,-73.900751
P.S. 110 - BRONX,40.835286,-73.900751
P.S. 110 - BROOKLYN,40.723897,-73.942312
P.S. 110 - QUEENS,40.745995,-73.866372
P.S. 111 - BRONX,40.884343,-73.840254
P.S. 111 - QUEENS,40.758831,-73.93938
P.S. 112 - BRONX,40.885008,-73.843193
P.S. 112 - BROOKLYN,40.61978,-74.000792
P.S. 112 - MANHATTAN,40.796668,-73.930966
P.S. 112 - QUEENS,40.756891,-73.934523
P.S. 114 - BRONX,40.834776,-73.923067
P.S. 114 - BRONX,40.834776,-73.923067
P.S. 114 - BRONX,40.834776,-73.923067
P.S. 114 - QUEENS,40.578261,-73.854403
P.S. 115 - BROOKLYN,40.635015,-73.897262
P.S. 116 - QUEENS,40.700606,-73.782302
P.S. 116 - QUEENS,40.700606,-73.782302
P.S. 116 - QUEENS,40.700606,-73.782302
P.S. 117 - QUEENS,40.709463,-73.813376
P.S. 117 - QUEENS,40.709463,-73.813376
P.S. 117 - QUEENS,40.709463,-73.813376
P.S. 118 - QUEENS,40.703585,-73.765838
P.S. 118 - QUEENS,40.703585,-73.765838
P.S. 119 - BRONX,40.828518,-73.856569
P.S. 119 - BROOKLYN,40.625662,-73.938265
P.S. 11 - BRONX,40.839378,-73.925714
P.S. 120 - BROOKLYN,40.700609,-73.93834
P.S. 120 - QUEENS,40.745526,-73.829309
P.S. 121 - BRONX,40.86608,-73.850982
P.S. 121 - BROOKLYN,40.623273,-73.978822
P.S. 122 - QUEENS,40.780347,-73.916655
P.S. 122 - QUEENS,40.780347,-73.916655
P.S. 122 - QUEENS,40.780347,-73.916655
P.S. 122 - QUEENS,40.780347,-73.916655
P.S. 122 - QUEENS,40.780347,-73.916655
P.S. 123 - BROOKLYN,40.703767,-73.922702
P.S. 123 - MANHATTAN,40.819767,-73.944433
P.S. 123 - QUEENS,40.678296,-73.79562
P.S. 123 - QUEENS,40.678296,-73.79562
P.S. 123 - QUEENS,40.678296,-73.79562
P.S. 123 - QUEENS,40.678296,-73.79562
P.S. 124 - MANHATTAN,40.714182,-73.995451
P.S. 124 - QUEENS,40.665058,-73.811701
P.S. 124 - QUEENS,40.665058,-73.811701
P.S. 124 - QUEENS,40.665058,-73.811701
P.S. 124 - QUEENS,40.665058,-73.811701
P.S. 125 - MANHATTAN,40.810431,-73.955809
P.S. 126 - MANHATTAN,40.710729,-73.996631
P.S. 126 - MANHATTAN,40.710729,-73.996631
P.S. 127 - BROOKLYN,40.623762,-74.017799
P.S. 127 - QUEENS,40.764646,-73.871641
P.S. 127 - QUEENS,40.764646,-73.871641
P.S. 128 - BROOKLYN,40.604871,-73.995545
P.S. 129 - MANHATTAN,40.814637,-73.951912
P.S. 129 - QUEENS,40.789254,-73.839836
P.S. 12 - BROOKLYN,40.673073,-73.919594
P.S. @ 1302 EDWARD L GRANT HIGHWAY - BRONX,40.838744,-73.921721
P.S. 130 - BRONX,40.817721,-73.902421
P.S. 130 - MANHATTAN,40.718903,-73.998438
P.S. 130 - QUEENS,40.759517,-73.784029
P.S. 131 - QUEENS,40.716609,-73.794666
P.S. 131 - QUEENS,40.716609,-73.794666
P.S. 132 - MANHATTAN,40.850626,-73.934377
P.S. 132 - MANHATTAN,40.850626,-73.934377
P.S. 132 - MANHATTAN,40.850626,-73.934377
P.S. 132 - QUEENS,40.682114,-73.74992
P.S. 133 - MANHATTAN,40.809672,-73.939872
P.S. 134 - MANHATTAN,40.71457,-73.983724
P.S. 134 - QUEENS,40.70799,-73.755269
P.S. 134 - QUEENS,40.70799,-73.755269
P.S. 135 - QUEENS,40.720154,-73.757367
P.S. 137 - BROOKLYN,40.682458,-73.917088
P.S. 137 - BROOKLYN,40.682458,-73.917088
P.S. 138 - BRONX,40.822665,-73.853366
P.S. 138 - BROOKLYN,40.67438,-73.951443
P.S. 138 - BROOKLYN,40.67438,-73.951443
P.S. 138 - BROOKLYN,40.67438,-73.951443
P.S. 138 - QUEENS,40.659728,-73.735176
P.S. 139 - BROOKLYN,40.641937,-73.965523
P.S. 139 - QUEENS,40.72814,-73.863582
P.S. 13 ANNEX - STATEN ISLAND,40.615517,-74.06755
P.S. 13 - QUEENS,40.737613,-73.86851
P.S. 13 - STATEN ISLAND,40.613216,-74.069889
P.S. @ 140 BEACH 112 STREET - QUEENS,40.57978,-73.833131
P.S. @ 140 BEACH 112 STREET - QUEENS,40.57978,-73.833131
P.S. 140 - BRONX,40.823289,-73.907948
P.S. 140 - MANHATTAN,40.71925,-73.983056
P.S. 140 - MANHATTAN,40.71925,-73.983056
P.S. 140 - QUEENS,40.686798,-73.781247
P.S. 142 - MANHATTAN,40.718383,-73.984452
P.S. 143 - QUEENS,40.755535,-73.856362
P.S. 143 - QUEENS,40.750246,-73.867825
P.S. 144 - QUEENS,40.715281,-73.852412
P.S. 145 - BROOKLYN,40.701621,-73.93241
P.S. 145 - BROOKLYN,40.701621,-73.93241
P.S. 146 - BRONX,40.825025,-73.906143
P.S. 146 - BRONX,40.825025,-73.906143
P.S. 146 - MANHATTAN,40.789295,-73.939262
P.S. 146 - QUEENS,40.659873,-73.835068
P.S. 149 - BROOKLYN,40.668362,-73.894954
P.S. 14 - QUEENS,40.74056,-73.854131
P.S. 14 - QUEENS,40.74056,-73.854131
P.S. 14 - QUEENS,40.74056,-73.854131
P.S. 14 - QUEENS,40.74056,-73.854131
P.S. 150 - BRONX,40.82636,-73.894398
P.S. 150 - QUEENS,40.745537,-73.923776
P.S. 150 - QUEENS,40.745537,-73.923776
P.S. 151 - BROOKLYN,40.693293,-73.90864
P.S. 151 - QUEENS,40.757499,-73.908898
P.S. 151 - QUEENS,40.757499,-73.908898
P.S. 152 - MANHATTAN,40.860412,-73.927936
P.S. 152 - MANHATTAN,40.860412,-73.927936
P.S. 152 - QUEENS,40.753037,-73.900123
P.S. 153 - BRONX,40.872608,-73.833727
P.S. 153 - BRONX,40.872608,-73.833727
P.S. 153 - BROOKLYN,40.601617,-73.959779
P.S. 153 - QUEENS,40.716609,-73.903669
P.S. 154 - BRONX,40.808039,-73.926219
P.S. 154 - QUEENS,40.726769,-73.806894
P.S. 155 - BROOKLYN,40.677415,-73.908734
P.S. 155 - BROOKLYN,40.677415,-73.908734
P.S. 155 - MANHATTAN,40.797302,-73.936365
P.S. 155 - MANHATTAN,40.797302,-73.936365
P.S. 155 - QUEENS,40.67956,-73.8106
P.S. 156 - QUEENS,40.673069,-73.743173
P.S. 156 - QUEENS,40.673069,-73.743173
P.S. 158 - BROOKLYN,40.672579,-73.884803
P.S. 158 - MANHATTAN,40.770419,-73.951135
P.S. 159 - BROOKLYN,40.675766,-73.869469
P.S. 159 - QUEENS,40.76936,-73.783943
P.S. 15 - BRONX,40.85881,-73.909746
P.S. 15 - BRONX,40.85881,-73.909746
P.S. 15 - BROOKLYN,40.677343,-74.011558
P.S. 15 - BROOKLYN,40.677343,-74.011558
P.S. 15 - BROOKLYN,40.677343,-74.011558
P.S. 15 - QUEENS,40.686047,-73.757423
P.S. 160 - BRONX,40.864687,-73.824299
P.S. 160 - BRONX,40.864687,-73.824299
P.S. 160 - QUEENS,40.688103,-73.800415
P.S. 160 - QUEENS,40.688103,-73.800415
P.S. 161 - BROOKLYN,40.666181,-73.949013
P.S. 163 - BROOKLYN,40.606792,-74.00806
P.S. 163 - MANHATTAN,40.794442,-73.969139
P.S. 163 - QUEENS,40.740565,-73.809131
P.S. 164 - BROOKLYN,40.637486,-73.985955
P.S. 164 - QUEENS,40.720924,-73.823362
P.S. 164 - QUEENS,40.720924,-73.823362
P.S. 165 - MANHATTAN,40.802917,-73.965613
P.S. 165 - MANHATTAN,40.802917,-73.965613
P.S. 166 - MANHATTAN,40.788865,-73.971847
P.S. 166 - MANHATTAN,40.788865,-73.971847
P.S. 166 - QUEENS,40.757309,-73.926733
P.S. 169 - BROOKLYN,40.64629,-74.001903
P.S. 169 - QUEENS,40.782248,-73.779063
P.S. 16 - BRONX,40.902205,-73.854829
P.S. 16 - QUEENS,40.748987,-73.86123
P.S. 16 - QUEENS,40.748987,-73.86123
P.S. 171 - MANHATTAN,40.792122,-73.951961
P.S. 171 - QUEENS,40.771336,-73.929086
P.S. 172 - BROOKLYN,40.657914,-74.000652
P.S. 172 - BROOKLYN,40.657914,-74.000652
P.S. 173 - MANHATTAN,40.845469,-73.940468
P.S. 173 - QUEENS,40.734572,-73.795484
P.S. 174 - QUEENS,40.720874,-73.860978
P.S. 174 - QUEENS,40.720874,-73.860978
P.S. 175 - BRONX,40.843873,-73.785219
P.S. 175 - BRONX,40.843873,-73.785219
P.S. 175 HENRY H GARNET - M,40.814422,-73.943664
P.S. 176 - BROOKLYN,40.62457,-74.005314
P.S. 177 - BROOKLYN,40.608604,-73.974847
P.S. 178 - BRONX,40.875894,-73.83386
P.S. 178 - MANHATTAN,40.859243,-73.927792
P.S. 179 - BROOKLYN,40.640463,-73.977642
P.S. 17 - BROOKLYN,40.715351,-73.956716
P.S. 17 - QUEENS,40.768985,-73.922428
P.S. 17 - QUEENS,40.768985,-73.922428
P.S. 180 - BROOKLYN,40.627029,-73.989672
P.S. 181 - QUEENS,40.656126,-73.753207
P.S. 181 - QUEENS,40.656126,-73.753207
PS 182 ANNEX - QUEENS,40.706521,-73.802084
P.S. 182 - BRONX,40.818228,-73.856302
P.S. 183 - MANHATTAN,40.763736,-73.95815
P.S. 183 - MANHATTAN,40.763736,-73.95815
P.S. 183 - QUEENS,40.589508,-73.805361
P.S. 184 - BROOKLYN,40.659966,-73.904901
P.S. 184 - MANHATTAN,40.711549,-73.986542
P.S. 184 - QUEENS,40.778095,-73.800163
P.S. 185 - BROOKLYN,40.623986,-74.033779
P.S. 185 - BROOKLYN,40.623986,-74.033779
P.S. 185 - MANHATTAN,40.798511,-73.949251
P.S. 186 - BROOKLYN,40.611483,-73.994677
P.S. 186 - QUEENS,40.750007,-73.721607
P.S. 187 - MANHATTAN,40.85674,-73.937056
P.S. 187 - MANHATTAN,40.85674,-73.937056
P.S. 188 - BROOKLYN,40.577217,-74.000194
P.S. 188 - BROOKLYN,40.577217,-74.000194
P.S. 188 - BROOKLYN,40.577217,-74.000194
P.S. 188 - MANHATTAN,40.719598,-73.977904
P.S. 188 - MANHATTAN,40.719598,-73.977904
P.S. 189 - BROOKLYN,40.665565,-73.926246
P.S. 189 - MANHATTAN,40.852631,-73.927604
P.S. 18 - BRONX,40.816406,-73.92329
P.S. 18 - QUEENS,40.732112,-73.73246
P.S. 18 - STATEN ISLAND,40.636587,-74.117509
P.S. 191 - QUEENS,40.734318,-73.709137
P.S. 192 - BROOKLYN,40.629303,-73.979995
P.S. 192 - BROOKLYN,40.629303,-73.979995
P.S. 192 - BROOKLYN,40.629303,-73.979995
P.S. 192 - MANHATTAN,40.820953,-73.951145
P.S. 193 - BROOKLYN,40.621507,-73.950473
P.S. 193 - BROOKLYN,40.621507,-73.950473
P.S. 193 - QUEENS,40.792483,-73.809741
P.S. 194 - BROOKLYN,40.596757,-73.933499
P.S. 195/196 - BRONX,40.830499,-73.877704
P.S. 195/196 - BRONX,40.830499,-73.877704
P.S. 195 - BROOKLYN,40.579451,-73.943819
P.S. 195 - QUEENS,40.653006,-73.736395
P.S. 196 - BRONX,40.830499,-73.877704
P.S. 196 - BROOKLYN,40.708723,-73.940002
P.S. 196 - QUEENS,40.722782,-73.837946
P.S. 197 - MANHATTAN,40.813184,-73.937322
P.S. 197 - QUEENS,40.600199,-73.743968
P.S. 198 - MANHATTAN,40.784826,-73.949611
P.S. 199 - BROOKLYN,40.616632,-73.963476
P.S. 19 - MANHATTAN,40.729636,-73.983818
P.S. 19 - MANHATTAN,40.729636,-73.983818
P.S. 19 - QUEENS,40.749108,-73.866362
P.S. 1 - MANHATTAN,40.71276,-73.997489
P.S. 1 - STATEN ISLAND,40.509037,-74.244118
P.S. 200 - BROOKLYN,40.603188,-74.001408
P.S. 201 - QUEENS,40.736653,-73.813346
P.S. 202 - BROOKLYN,40.666417,-73.876563
P.S. 203 - QUEENS,40.754201,-73.760636
P.S. 203 - QUEENS,40.754201,-73.760636
P.S. 205 - BROOKLYN,40.61527,-73.987149
P.S. 206 - BROOKLYN,40.597369,-73.948946
P.S. 206 - MANHATTAN,40.797467,-73.930868
P.S. 206 - QUEENS,40.734272,-73.861556
P.S. @ 2075 WEBSTER AVENUE - BRONX,40.851741,-73.898493
P.S. @ 2075 WEBSTER AVENUE - BRONX,40.851741,-73.898493
P.S. 207 - BROOKLYN,40.613353,-73.930129
P.S. 207 - BROOKLYN,40.613353,-73.930129
P.S. 207 - BROOKLYN,40.613353,-73.930129
P.S. 207 - QUEENS,40.658089,-73.844432
P.S. 208 - BROOKLYN,40.642031,-73.931151
P.S. 209 - BROOKLYN,40.586845,-73.96198
P.S. 209 - QUEENS,40.783608,-73.794654
P.S. 20 - BRONX,40.870002,-73.878875
P.S. 20 - MANHATTAN,40.72154,-73.986648
P.S. 20 - QUEENS,40.758689,-73.824832
P.S. 20 - QUEENS,40.758689,-73.824832
P.S. 20 - QUEENS,40.758689,-73.824832
P.S. 20 - QUEENS,40.758689,-73.824832
P.S. 20 - QUEENS,40.758689,-73.824832
P.S. 211 - BRONX,40.843546,-73.889755
P.S. 212 - BRONX,40.828419,-73.900721
P.S. 213 - BROOKLYN,40.66051,-73.890288
P.S. 213 - QUEENS,40.747747,-73.745747
P.S. 214 - BROOKLYN,40.676513,-73.863151
P.S. 214 - QUEENS,40.770387,-73.828617
P.S. 215 - BROOKLYN,40.602084,-73.970013
P.S. 217 - BROOKLYN,40.63398,-73.966558
P.S. 219 - BROOKLYN,40.659288,-73.922919
P.S. 219 - BROOKLYN,40.65911,-73.920368
P.S. 219 - QUEENS,40.735277,-73.823749
P.S. 219 - QUEENS,40.735277,-73.823749
P.S. 21 - BROOKLYN,40.680724,-73.926597
P.S. 21 - BROOKLYN,40.680724,-73.926597
P.S. 21 - QUEENS,40.774512,-73.819284
P.S. 220 - QUEENS,40.736524,-73.851455
P.S. 220 - QUEENS,40.736524,-73.851455
P.S. 221 - QUEENS,40.759404,-73.731299
P.S. 222 - BROOKLYN,40.613317,-73.938871
P.S. 222 - BROOKLYN,40.613317,-73.938871
P.S. 222 - QUEENS,40.750172,-73.880363
P.S. 223 - QUEENS,40.674541,-73.789417
P.S. 224 - BROOKLYN,40.664075,-73.866092
P.S. 224 - BROOKLYN,40.664075,-73.866092
P.S. 225 - MANHATTAN,40.765359,-73.960059
P.S. 225 - MANHATTAN,40.765359,-73.960059
P.S. 225 - MANHATTAN,40.765359,-73.960059
P.S. 226 - BROOKLYN,40.615252,-73.97635
P.S. 229 - BROOKLYN,40.610963,-74.013376
P.S. 229 - QUEENS,40.734294,-73.897557
P.S. 229 - QUEENS,40.734294,-73.897557
P.S. 22 - QUEENS,40.761249,-73.811808
P.S. 22 - STATEN ISLAND,40.625369,-74.15097
P.S. 230 - BROOKLYN,40.645017,-73.980761
P.S. 232 - QUEENS,40.665909,-73.851216
P.S. @ 2347 MORRIS AVENUE - BRONX,40.859448,-73.901113
P.S. 234 - MANHATTAN,40.716017,-74.011038
P.S. 234 - QUEENS,40.767305,-73.923246
P.S. @ 23-50 WATERS EDGE DRIVE - QUEENS,40.782157,-73.773112
P.S. @ 23-50 WATERS EDGE DRIVE - QUEENS,40.782157,-73.773112
P.S. 235 - BROOKLYN,40.654704,-73.941089
P.S. 235 - BROOKLYN,40.645243,-73.898241
P.S. 235 - BROOKLYN,40.645243,-73.898241
P.S. 236 - BROOKLYN,40.615998,-73.912989
P.S. 236 - BROOKLYN,40.615998,-73.912989
P.S. 236 - BROOKLYN,40.615998,-73.912989
P.S. 239 - QUEENS,40.699149,-73.903799
P.S. 239 - QUEENS,40.699149,-73.903799
P.S. 23 - BROOKLYN,40.69407,-73.94756
P.S. 23 - BROOKLYN,40.69407,-73.94756
P.S. 241 - MANHATTAN,40.801689,-73.954908
P.S. 242 - MANHATTAN,40.8063,-73.948013
P.S. 243 - BROOKLYN,40.676094,-73.935688
P.S. 249 - BROOKLYN,40.64971,-73.966046
P.S. 24 - BRONX,40.887111,-73.913697
P.S. 24 - BRONX,40.887111,-73.913697
P.S. 24 - BROOKLYN,40.652701,-74.004743
P.S. 250 - BROOKLYN,40.707104,-73.945475
P.S. 251 - BROOKLYN,40.632524,-73.924417
P.S. 253 - BROOKLYN,40.580115,-73.962391
P.S. 253 - BROOKLYN,40.580115,-73.962391
P.S. 253 - QUEENS,40.60729,-73.7494
P.S. 254 - BROOKLYN,40.591098,-73.952019
P.S. 25 - BRONX,40.812619,-73.906063
P.S. 261 - BROOKLYN,40.687466,-73.988288
P.S. 262 - BROOKLYN,40.683241,-73.930813
P.S. 264 - BROOKLYN,40.620957,-74.03015
P.S. 268 - BROOKLYN,40.657131,-73.928018
P.S. 268 - QUEENS,40.707537,-73.785626
P.S. 26 - QUEENS,40.736922,-73.77799
P.S. 26 - QUEENS,40.736922,-73.77799
P.S. 26 - QUEENS,40.736922,-73.77799
P.S. 26 - STATEN ISLAND,40.591702,-74.190648
P.S. 272 - BROOKLYN,40.635916,-73.886412
P.S. 273 - BROOKLYN,40.657922,-73.879354
P.S. 273 - QUEENS,40.693606,-73.844631
P.S. 274 - BROOKLYN,40.694921,-73.927931
P.S. 277 - BRONX,40.813517,-73.913402
P.S. 277 - BRONX,40.813517,-73.913402
P.S. 277 - BRONX,40.813517,-73.913402
P.S. 277 - BROOKLYN,40.596145,-73.928793
P.S. 277 - BROOKLYN,40.596145,-73.928793
P.S. 279 - BROOKLYN,40.644203,-73.892264
P.S. 280 - BRONX,40.876299,-73.881532
P.S. @ 280 SENATOR STREET - BROOKLYN,40.637248,-74.025719
P.S. 282 - BROOKLYN,40.67634,-73.977367
P.S. 284 - BROOKLYN,40.667377,-73.908214
P.S. 287 - BROOKLYN,40.697901,-73.98054
P.S. 288 - BROOKLYN,40.574411,-73.99194
P.S. 28 - BRONX,40.848057,-73.903522
P.S. 28 - BRONX,40.848057,-73.903522
P.S. 28 - QUEENS,40.747126,-73.854824
P.S. 28 - QUEENS,40.747126,-73.854824
P.S. 295 - BROOKLYN,40.660976,-73.988297
P.S. 297 - BROOKLYN,40.697781,-73.947809
P.S. 297 - BROOKLYN,40.697781,-73.947809
P.S. 299 - BROOKLYN,40.691077,-73.918152
P.S. 29 - BROOKLYN,40.686959,-73.998053
P.S. 29 - QUEENS,40.778601,-73.843187
P.S. 29 - QUEENS,40.778601,-73.843187
P.S. 29 - STATEN ISLAND,40.613604,-74.115988
P.S. 2 - MANHATTAN,40.713273,-73.991339
P.S. 2 - MANHATTAN,40.713273,-73.991339
P.S. 303 - QUEENS,40.7261,-73.843502
P.S. 304 - BRONX,40.827471,-73.829753
P.S. 305 - QUEENS,40.707121,-73.914998
P.S. 305 - QUEENS,40.707121,-73.914998
P.S. 306 - BRONX,40.851815,-73.91118
P.S. 306 - BRONX,40.851815,-73.91118
P.S. 306 - BROOKLYN,40.655997,-73.886547
P.S. 307 - BROOKLYN,40.701343,-73.982314
P.S. 307 - BROOKLYN,40.701343,-73.982314
P.S. 309 - BROOKLYN,40.688419,-73.924833
P.S. 30 - BRONX,40.80937,-73.917584
P.S. 310 - BRONX,40.872895,-73.905244
P.S. 311 - MANHATTAN,40.866706,-73.923948
P.S. 312 - BROOKLYN,40.621413,-73.908987
P.S. 312 - BROOKLYN,40.622699,-73.910624
P.S. 315 - BRONX,40.873239,-73.899722
P.S. 315 - BROOKLYN,40.632562,-73.954724
P.S. 315 - BROOKLYN,40.632562,-73.954724
P.S. 316 - BROOKLYN,40.6744,-73.960254
P.S. 31 - QUEENS,40.757064,-73.770122
P.S. 31 - STATEN ISLAND,40.641595,-74.085135
P.S. 321 - BROOKLYN,40.67146,-73.977783
P.S. 329 - BROOKLYN,40.574607,-73.996292
P.S. 329 - BROOKLYN,40.574607,-73.996292
P.S. 32 - QUEENS,40.766827,-73.794601
P.S. 32 - QUEENS,40.766827,-73.794601
P.S. 32 - QUEENS,40.766827,-73.794601
P.S. 333 - QUEENS,40.593967,-73.786182
P.S. 333 - QUEENS,40.593967,-73.786182
P.S. 334 - MANHATTAN,40.780822,-73.976855
P.S. 33 - MANHATTAN,40.748977,-73.999531
P.S. 33 - QUEENS,40.727134,-73.735077
P.S. 33 - QUEENS,40.727134,-73.735077
P.S. 345 - BROOKLYN,40.676129,-73.880337
P.S. 346 - BROOKLYN,40.64726,-73.881114
P.S. 346 - BROOKLYN,40.64726,-73.881114
P.S. 346 - BROOKLYN,40.64726,-73.881114
P.S. 34 - MANHATTAN,40.726473,-73.975181
P.S. 35 - QUEENS,40.713759,-73.769439
P.S. 35 - STATEN ISLAND,40.613721,-74.099626
P.S. 360 - BRONX,40.874411,-73.902573
P.S. 361 - MANHATTAN,40.727892,-73.978525
P.S. 363 - MANHATTAN,40.724117,-73.986381
P.S. 36 - BRONX,40.829344,-73.850428
P.S. 36 - QUEENS,40.690828,-73.763907
P.S. 36 - STATEN ISLAND,40.543083,-74.182299
P.S. 36 - STATEN ISLAND,40.544575,-74.181735
P.S. 37 - BRONX,40.880263,-73.910466
P.S. 37 - QUEENS,40.67588,-73.758505
P.S. 37 - QUEENS,40.67588,-73.758505
P.S. 380 - BROOKLYN,40.702427,-73.952985
P.S. 380 - BROOKLYN,40.702427,-73.952985
P.S. 382 - BRONX,40.854872,-73.903458
P.S. 384 - BROOKLYN,40.690353,-73.904803
P.S. @ 3850 REVIEW PLACE - BRONX,40.885217,-73.899487
P.S. 38 - QUEENS,40.671561,-73.734043
P.S. 398 - BROOKLYN,40.663559,-73.926959
P.S. 399 - BROOKLYN,40.648044,-73.951891
P.S. 39 - STATEN ISLAND,40.597653,-74.070052
P.S. 3 - BROOKLYN,40.682663,-73.955338
P.S. 3 - MANHATTAN,40.732593,-74.006466
P.S. 3 - STATEN ISLAND,40.520699,-74.211264
P.S. @ 4074 VICTORY BLVD - STATEN ISLAND,40.592234,-74.189743
P.S. 40 - MANHATTAN,40.735751,-73.981655
P.S. 40 - MANHATTAN,40.735751,-73.981655
P.S. 414 - BROOKLYN,40.709647,-73.95465
P.S. 41 - MANHATTAN,40.735687,-73.999
P.S. 41 - QUEENS,40.769875,-73.770692
P.S. 41 - QUEENS,40.769875,-73.770692
P.S. 42 - MANHATTAN,40.715905,-73.990895
P.S. 42 - QUEENS,40.594538,-73.795304
P.S. 42 - QUEENS,40.594538,-73.795304
P.S. @ 4308 4 AVENUE - BROOKLYN,40.65028,-74.008627
P.S. 43 - BRONX,40.806351,-73.921196
P.S. 43 - BRONX,40.806351,-73.921196
P.S. 43 - BRONX,40.806351,-73.921196
P.S. 43 - BRONX,40.806351,-73.921196
P.S. 43 - QUEENS,40.593834,-73.76174
P.S. 43 - QUEENS,40.593834,-73.76174
P.S. 446 - BROOKLYN,40.660204,-73.913933
P.S. 446 - BROOKLYN,40.660204,-73.913933
P.S. 44 - BRONX,40.842084,-73.891116
P.S. 44 - BROOKLYN,40.686592,-73.940747
P.S. @ 4513 8 AVENUE - BROOKLYN,40.643781,-74.000926
P.S. 452 - MANHATTAN,40.771966,-73.987429
P.S. 452 - MANHATTAN,40.771966,-73.987429
P.S. 45 - BROOKLYN,40.686746,-73.910693
P.S. 45 - QUEENS,40.672727,-73.788164
P.S. @ 46-10 70 STREET - QUEENS,40.739613,-73.894214
P.S. 46 - BRONX,40.867623,-73.890518
P.S. 46 - QUEENS,40.74621,-73.758756
P.S. 46 - STATEN ISLAND,40.59377,-74.08058
P.S. 47 - BRONX,40.832902,-73.866848
P.S. 47 - BRONX,40.832902,-73.866848
P.S. 47 - QUEENS,40.606353,-73.820445
P.S. 48 - BROOKLYN,40.621871,-73.987396
P.S. 48 - MANHATTAN,40.853466,-73.934048
P.S. 49 - BRONX,40.810085,-73.923102
P.S. 4 - BRONX,40.840891,-73.898166
P.S. 4 - STATEN ISLAND,40.552975,-74.194597
P.S. 4 - STATEN ISLAND,40.552975,-74.194597
P.S. 4 - STATEN ISLAND,40.552975,-74.194597
P.S. 503 - BROOKLYN,40.642121,-74.018997
P.S. 503 - BROOKLYN,40.642121,-74.018997
P.S. 51 - MANHATTAN,40.761518,-73.99591
P.S. 51 - QUEENS,40.699015,-73.832356
P.S. 52 - BROOKLYN,40.58792,-73.940532
P.S. 53 - BRONX,40.832866,-73.911418
P.S. 54 - BRONX,40.864527,-73.887829
P.S. 54 - BROOKLYN,40.692741,-73.952981
P.S. 54 - QUEENS,40.70292,-73.824221
P.S. 55 - BRONX,40.836404,-73.905014
P.S. 55 - STATEN ISLAND,40.536639,-74.163815
P.S. 56 - QUEENS,40.69919,-73.835299
P.S. 56 - QUEENS,40.69919,-73.835299
P.S. 56 - QUEENS,40.69919,-73.835299
P.S. 56 - STATEN ISLAND,40.542246,-74.214002
P.S. 57 - MANHATTAN,40.797577,-73.94128
P.S. 57 - STATEN ISLAND,40.611508,-74.083177
P.S. 58 - BRONX,40.846162,-73.899264
P.S. 58 - BROOKLYN,40.680415,-73.994754
P.S. 58 - QUEENS,40.728735,-73.890699
P.S. 59 - BRONX,40.851045,-73.893292
P.S. 59 - BRONX,40.852774,-73.893524
P.S. 59 - MANHATTAN,40.759249,-73.967221
P.S. 5 - BRONX,40.813728,-73.908886
P.S. 5 - BROOKLYN,40.685687,-73.922532
P.S. 5 - STATEN ISLAND,40.530169,-74.187635
P.S. 60 - STATEN ISLAND,40.610073,-74.162129
P.S. 60 - STATEN ISLAND,40.610073,-74.162129
P.S. 61 - BRONX,40.836575,-73.892817
P.S. 62 - BRONX,40.814031,-73.900609
P.S. 62 - BRONX,40.814031,-73.900609
P.S. 62 - QUEENS,40.688577,-73.836162
P.S. 62 - QUEENS,40.688577,-73.836162
P.S. @ 6312 13 AVENUE - BROOKLYN,40.627018,-74.000458
P.S. @ 639 ST ANN'S AVENUE - BRONX,40.816532,-73.911747
P.S. 63 - BRONX,40.830965,-73.902738
P.S. 63 - QUEENS,40.67641,-73.846773
P.S. 63 - QUEENS,40.67641,-73.846773
P.S. 65 - BRONX,40.807335,-73.912731
P.S. 65 - STATEN ISLAND,40.634032,-74.078611
P.S. 66 - BRONX,40.831165,-73.887094
P.S. 67 - BRONX,40.843945,-73.884788
P.S. 67 - BRONX,40.843945,-73.884788
P.S. 67 - BROOKLYN,40.695633,-73.978215
P.S. 69 - BRONX,40.816693,-73.860904
P.S. 69 - BROOKLYN,40.632379,-74.009223
P.S. 69 - QUEENS,40.749266,-73.888817
P.S. 69 - QUEENS,40.749266,-73.888817
P.S. 69 - QUEENS,40.749266,-73.888817
P.S. 6 - BRONX,40.840755,-73.881707
P.S. 6 - BROOKLYN,40.64859,-73.957138
P.S. 6 - BROOKLYN,40.64859,-73.957138
P.S. 6 - MANHATTAN,40.777455,-73.960713
P.S. 6 - STATEN ISLAND,40.510735,-74.231109
P.S. 6 - STATEN ISLAND,40.510735,-74.231109
P.S. 705 - BROOKLYN,40.676774,-73.960058
P.S. 70 - BRONX,40.844253,-73.907616
P.S. 70 - QUEENS,40.762103,-73.914227
P.S. 70 - QUEENS,40.762103,-73.914227
P.S. 71 - BRONX,40.845787,-73.829829
P.S. 71 - QUEENS,40.711203,-73.905286
P.S. 722 (OTC) - STATEN ISLAND,40.620534,-74.077266
P.S. 72 - BRONX,40.822604,-73.818247
P.S. 72 - MANHATTAN,40.791179,-73.947776
P.S. 72 - MANHATTAN,40.791179,-73.947776
P.S. 73 - BRONX,40.832706,-73.926838
P.S. 748 - BROOKLYN,40.607234,-74.007199
P.S. 748 - BROOKLYN,40.607234,-74.007199
P.S. 74 - STATEN ISLAND,40.639087,-74.079922
P.S. 75 - BRONX,40.822719,-73.889435
P.S. 75 - BRONX,40.822719,-73.889435
P.S. 75 - BRONX,40.822719,-73.889435
P.S. 75 - MANHATTAN,40.795157,-73.973292
P.S. 75 - MANHATTAN,40.795157,-73.973292
P.S. @ 763 PRESIDENT STREET - BROOKLYN,40.674465,-73.977497
P.S. 76 - BRONX,40.869593,-73.861282
P.S. 76 - BRONX,40.869593,-73.861282
P.S. 76 - MANHATTAN,40.806768,-73.951061
P.S. 78 - QUEENS,40.744753,-73.957971
P.S. 79 - QUEENS,40.785909,-73.818058
P.S. 7 - MANHATTAN,40.801007,-73.939349
P.S. 7 - QUEENS,40.739115,-73.882487
P.S. 7 - QUEENS,40.739115,-73.882487
P.S. 80 - QUEENS,40.67282,-73.769252
P.S. 80 - QUEENS,40.67282,-73.769252
P.S. 80 - QUEENS,40.67282,-73.769252
P.S. 81 - BRONX,40.903553,-73.905229
P.S. 81 - QUEENS,40.705315,-73.911909
P.S. 83 - BRONX,40.849395,-73.859249
P.S. 83 - MANHATTAN,40.793194,-73.942548
P.S. 84 - BROOKLYN,40.714785,-73.963
P.S. 84 - BROOKLYN,40.714785,-73.963
P.S. 84 - MANHATTAN,40.789526,-73.967574
P.S. 85 ANNEX - QUEENS,40.774348,-73.91471
P.S. 85 - QUEENS,40.772932,-73.914625
P.S. 85 - QUEENS,40.772932,-73.914625
P.S. 861 - STATEN ISLAND,40.620676,-74.164277
P.S. 86 - BRONX,40.869835,-73.89874
P.S. 86 - BROOKLYN,40.700774,-73.91748
P.S. 87 - BRONX,40.895179,-73.846435
P.S. 87 - BRONX,40.895179,-73.846435
P.S. 87 - MANHATTAN,40.781958,-73.977638
P.S. 87 - QUEENS,40.711815,-73.871238
P.S. 88 - BRONX,40.837275,-73.913574
P.S. 88 - BRONX,40.837275,-73.913574
P.S. 88 - QUEENS,40.703779,-73.896374
P.S. 88 - QUEENS,40.703779,-73.896374
P.S. 88 - QUEENS,40.703779,-73.896374
P.S. 89 - QUEENS,40.745923,-73.880205
P.S. 8 - BROOKLYN,40.70071,-73.993241
P.S. 8 - STATEN ISLAND,40.547692,-74.151755
P.S. 90 - BROOKLYN,40.578255,-73.979628
P.S. 90 - QUEENS,40.697033,-73.839213
P.S. 90 - QUEENS,40.697033,-73.839213
P.S. 91 - BRONX,40.857689,-73.908349
P.S. 91 - BROOKLYN,40.661886,-73.93994
P.S. 92 - QUEENS,40.755418,-73.869017
P.S. 92 - QUEENS,40.755418,-73.869017
P.S. 93 - BROOKLYN,40.679097,-73.94684
P.S. 94 - BRONX,40.881564,-73.8748
P.S. 95 - BRONX,40.882898,-73.891256
P.S. 95 - BROOKLYN,40.595698,-73.97518
P.S. 95 - BROOKLYN,40.595698,-73.97518
P.S. 95 - QUEENS,40.710624,-73.783423
P.S. 95 - QUEENS,40.710624,-73.783423
P.S. 95 - QUEENS,40.710624,-73.783423
P.S. 95 - QUEENS,40.710624,-73.783423
P.S. 96 - BRONX,40.860815,-73.868527
P.S. 96 - MANHATTAN,40.800256,-73.937558
P.S. 96 - QUEENS,40.674977,-73.808245
P.S. 96 - QUEENS,40.674977,-73.808245
P.S. 96 - QUEENS,40.674977,-73.808245
P.S. 97 - QUEENS,40.694518,-73.859659
P.S. 97 - QUEENS,40.694518,-73.859659
P.S. 98 - QUEENS,40.769271,-73.749369
P.S. 98 - QUEENS,40.769271,-73.749369
P.S. 98 - QUEENS,40.769271,-73.749369
P.S. 99 - BROOKLYN,40.621565,-73.965595
P.S. 99 - BROOKLYN,40.621565,-73.965595
P.S. 99 - QUEENS,40.711419,-73.828628
P.S. 99 - QUEENS,40.711419,-73.828628
P.S. 9 - BRONX,40.857067,-73.898936
P.S. 9 - BRONX,40.857067,-73.898936
P.S. 9 - MANHATTAN,40.785287,-73.97343
P.S./I.S. 218 - BRONX,40.835847,-73.920026
P.S./I.S. 266 - QUEENS,40.746231,-73.727614
P.S. / I.S. 270 - QUEENS,40.674831,-73.736713
P.S. / I.S. 270 - QUEENS,40.674831,-73.736713
P.S. /I.S 295 - QUEENS,40.720619,-73.731997
P.S./I.S. 323 - BROOKLYN,40.666545,-73.910904
PS/IS 375 - MANHATTAN,40.79564,-73.94441
P.S./I.S. @ 3761 10 AVENUE - MANHATTAN,40.860962,-73.921475
P.S./I.S. @ 3761 10 AVENUE - MANHATTAN,40.860962,-73.921475
P.S. / I.S. 498 - BRONX,40.84473,-73.858207
P.S. / I.S. 498 - BRONX,40.84473,-73.858207
P.S./I.S. 499 - QUEENS,40.739246,-73.822057
P.S. @ PARCEL C - QUEENS,40.74092,-73.960063
Q004 SPED - QUEENS,40.741852,-73.779796
Q009 SPED - QUEENS,40.718935,-73.912208
Q009 SPED - QUEENS,40.718935,-73.912208
Q075 SPED - QUEENS,40.694119,-73.797003
Q075 SPED - QUEENS,40.698476,-73.905556
Q177 SPED - QUEENS,40.74391,-73.788133
Q177 SPED - QUEENS,40.74391,-73.788133
Q224 SPED - QUEENS,40.770276,-73.764033
Q256 SPED - QUEENS,40.577026,-73.854539
Q721 SPED - QUEENS,40.736003,-73.867478
Q752 SPED - QUEENS,40.684142,-73.801479
Q811 SPED - QUEENS,40.697309,-73.740948
Q811 SPED - QUEENS,40.756778,-73.729487
Q811 SPED - QUEENS,40.699646,-73.752519
Q811 SPED - QUEENS,40.756778,-73.729487
QUEENS ACADEMY HIGH SCHOOL - Q,40.765162,-73.8288
QUEENS COLLEGIATE SCHOOL - QUEENS,40.713218,-73.797237
QUEENS COLLEGIATE SCHOOL - QUEENS,40.713218,-73.797237
QUEENS SATELLITE HS FOR OPPORTUNITY - Q,40.70848,-73.800065
QUEENS SATELLITE HS FOR OPPORTUNITY - Q,40.70848,-73.800065
QUEENS TECH HS - Q,40.742205,-73.928219
QUEENS TECH HS - Q,40.742205,-73.928219
QUEENS TECH HS - Q,40.742205,-73.928219
R025 SPED - STATEN ISLAND,40.604824,-74.130782
RALPH R. MCKEE CAREER AND TECHNICAL EDUCATION HS -,40.642573,-74.079591
RALPH R. MCKEE CAREER AND TECHNICAL EDUCATION HS -,40.642573,-74.079591
RED HOOK NEIGHBORHOOD SCHOOL  - K,40.677564,-74.005166
RICHMOND HILL HS - QUEENS,40.695888,-73.833681
RICHMOND HILL HS - QUEENS,40.695888,-73.833681
SAINT JOHN'S DAY CARE CENTER,40.672613,-73.95161
SALVATION ARMY SUTTER DAY CARE,40.665361,-73.922177
SATELLITE ACADEMY - M,40.747621,-73.990454
SCHOOL FOR COOPERATIVE TECHNICAL EDUCATION,40.783638,-73.945626
SCHOOL FOR ENVIR CITIZEN - BRONX,40.854872,-73.903458
SCHOOL FOR TOURISM AND HOSPITALITY - BRONX,40.821675,-73.903546
SCHOOL OF DIPLOMACY,40.880873,-73.860904
SCHOOL OF DIPLOMACY,40.880873,-73.860904
SCHOOL OF THE FUTURE BROOKLYN,40.665798,-73.897723
SECONDARY SCHOOL FOR LAW - K,40.669629,-73.979287
STATEN ISLAND TECHNICAL HS - R,40.567873,-74.115373
STATEN ISLAND TECHNICAL HS - R,40.567873,-74.115373
STUYVESANT HS - MANHATTAN,40.7177,-74.01399
SUCCESS ACADEMY CHARTER SCHOOL - BERGEN BEACH - NE,40.640066,-73.947253
SUCCESS ACADEMY CHARTER SCHOOL - BERGEN BEACH - NE,40.640066,-73.947253
SUMMIT ACADEMY CHARTER SCHOOL - K,40.677564,-74.005166
SUSAN E. WAGNER HS - STATEN ISLAND,40.596896,-74.124169
SUSAN E. WAGNER HS - STATEN ISLAND,40.596896,-74.124169
TELECOM. ARTS & TECH. HS - K,40.637282,-74.023849
THE BROOKLYN SCHOOL FOR SOCIAL JUSTICE - K,40.697185,-73.91117
THE DAVID MARQUIS SCHOOL OF THE ARTS - STATEN ISLA,40.56397,-74.150885
THE FLUSHING INTERNATIONAL HS - Q,40.759844,-73.820548
THE HARBOR VIEW SCHOOL - R,40.64789,-74.083406
THE HARBOR VIEW SCHOOL - R,40.64789,-74.083406
THE HERITAGE SCHOOL - MANHATTAN,40.791881,-73.946558
THE HIGH SCHOOL FOR CLIMATE JUSTICE,40.783625,-73.945637
THE HIGH SCHOOL FOR CLIMATE JUSTICE,40.783625,-73.945637
THE HIGH SCHOOL FOR LANGUAGE AND DIPLOMACY,40.735494,-73.987659
THE INTERNATIONAL HS - BROOKLYN,40.670349,-73.961695
THE LONGWOOD ACADEMY OF DISCOVERY - X,40.820403,-73.898912
THE MAXINE GREEN HIGH SCHOOL FOR  IMAGINATIVE INQU,40.774351,-73.984753
THE PAUL VALLONE COMMUNITY CAMPUS - QUEENS,40.782248,-73.779063
THE QUEENS SCHOOL OF INQUIRY-Q,40.724458,-73.810216
THE SCHOLARS ACADEMY - QUEENS,40.584158,-73.825736
THE SCHOLARS ACADEMY - QUEENS,40.584158,-73.825736
THE URBAN ASSEMBLY SCHOOL FOR GREEN CAREERS,40.785803,-73.974614
THE URBAN ASSEMBLY SCHOOL FOR GREEN CAREERS,40.785803,-73.974614
THE WALTON AVENUE SCHOOL,40.840096,-73.915569
THOMAS A. EDISON HS - Q,40.715389,-73.800369
THURGOOD MARSHALL ACADEMY - MANHATTAN,40.815449,-73.944061
TOTTENVILLE HS - STATEN ISLAND,40.528092,-74.192032
UNIVERSITY HEIGHTS HS - BRONX,40.81825,-73.91103
UNIVERSITY NEIGHBORHOOD HS - M,40.712399,-73.984497
URBAN ASSEMBLY SCHOOL FOR THE PERFORMING ARTS,40.815256,-73.955325
URBAN SCHOLARS COMMUNITY SCHOOL,40.828419,-73.900721
VISTA ACADEMY - BROOKLYN,40.677104,-73.883433
WADLEIGH SECONDARY SCHOOL FOR THE PERFORMING & VIS,40.802207,-73.954142
WHITELAW REID ACADEMY OF ARTS AND BUSINESS - BROOK,40.691274,-73.933697
WILLIAM C. BRYANT HS - QUEENS,40.75823,-73.910514
WILLIAM MAXWELL VOC HS - K,40.674135,-73.89643
WORLD CULTURES HS - X,40.831601,-73.878912
X000 - BRONX,40.82229,-73.856167
X000 - BRONX,40.859448,-73.901113
X168 SPED - BRONX,40.870002,-73.878875
X186 SPED - BRONX,40.83182,-73.898075
X186 SPED - BRONX,40.83182,-73.898075
X352 SPED - BRONX,40.846711,-73.889815
X352 SPED - BRONX,40.822719,-73.889435
X721 SPED - BRONX,40.842289,-73.838949
X721 SPED - BRONX,40.842289,-73.838949
YOUNG W. LEADERSHIP SCL ASTORIA- Q,40.771215,-73.924591
